itemid,views_x,add_to_cart,purchases_x,view_to_cart,cart_to_buy,view_to_buy_x,price,cost,margin_per_unit_x,gross_margin,erosion_flag,views_y,purchases_y,margin_per_unit_y,view_to_buy_y,expected_extra_purchases_A,recovered_margin_A,expected_extra_purchases_B,recovered_margin_B,expected_extra_purchases_C,recovered_margin_C,max_recovery,best_scenario,action,confidence,removal_risk,priority_score,recovery_if_now,recovery_if_delayed,loss_if_ignored,expected_purchase_loss,confidence_score,risk_score,adjusted_recovery
187946,3410.0,2.0,0.0,0.0005865102639296,0.0,0.0,49.96,29.63,20.33,0.0,1,3410.0,0.0,20.33,0.0001,95.93241449828922,1950.30598675022,0.1705,3.4662650000000013,223.4688915342108,4543.122564890506,4543.122564890506,recovered_margin_C,üîÅ Cut Promo (C),üü° Medium,‚úÖ Low Risk to Remove,70,4543.122564890506,3861.6541801569297,6814.683847335758,0.0,0.75,0.1,3066.6077313010915
461686,2539.0,306.0,133.0,0.1205198897203623,0.434640522875817,0.052382827884994,96.06,81.32,14.740000000000007,1960.4200000000008,0,2539.0,133.0,14.740000000000007,0.052382827884994,-61.31724357444096,-903.8161702872604,66.49999999999999,980.2100000000004,33.64320076403556,495.9007792618845,980.2100000000004,recovered_margin_B,‚úÖ Keep,üî¥ Low,‚ö†Ô∏è High Risk to Remove,0,980.2100000000004,833.1785000000003,1470.3150000000005,0.0,0.5,0.6,196.0420000000001
5411,2325.0,9.0,0.0,0.0038709677419354,0.0,0.0,78.56,39.99,38.57,0.0,1,2325.0,0.0,38.57,0.0001,65.40846443065173,2522.804473090237,0.11625,4.483762500000001,152.3651533187801,5876.723963505348,5876.723963505348,recovered_margin_C,üîÅ Cut Promo (C),üîµ High,‚úÖ Low Risk to Remove,100,5876.723963505348,4995.215368979546,8815.085945258023,0.0,1.0,0.1,5289.051567154814
370653,1854.0,0.0,0.0,0.0,0.0,0.0,67.89,48.29,19.6,0.0,1,1854.0,0.0,19.6,0.0001,52.157975507281,1022.2963199427076,0.0927,1.8169200000000003,121.49892225936271,2381.3788762835093,2381.3788762835093,recovered_margin_C,üîÅ Cut Promo (C),üü° Medium,‚úÖ Low Risk to Remove,60,2381.3788762835093,2024.1720448409828,3572.068314425264,0.0,0.75,0.1,1607.4307414913687
257040,1531.0,89.0,27.0,0.0581319399085565,0.3033707865168539,0.0176355323318092,68.09,38.36,29.730000000000004,802.7100000000002,0,1531.0,27.0,29.730000000000004,0.0176355323318092,16.224222169173252,482.34612508952085,13.500000000000002,401.3550000000001,73.48473429292575,2184.701150528683,2184.701150528683,recovered_margin_C,‚úÖ Keep,üü° Medium,üü° Moderate Risk,0,2184.701150528683,1856.9959779493804,3277.051725793024,0.0,0.75,0.3,1146.9681040275584
111530,1397.0,39.0,11.0,0.0279169649248389,0.282051282051282,0.0078740157480314,97.59,59.29,38.3,421.30000000000007,1,1397.0,11.0,38.3,0.0078740157480314,28.44104400413784,1089.2919853584797,5.5,210.65000000000003,80.68985878982186,3090.4215916501776,3090.4215916501776,recovered_margin_C,‚úÖ Keep,üîµ High,üü° Moderate Risk,40,3090.4215916501776,2626.858352902651,4635.632387475266,0.0,1.0,0.3,2163.2951141551243
142466,1135.0,1.0,0.0,0.0008810572687224,0.0,0.0,54.56,44.42,10.14,0.0,1,1135.0,0.0,10.14,0.0001,31.93058371130741,323.7761188326572,0.05675,0.5754450000000001,74.38040817927545,754.2173389378531,754.2173389378531,recovered_margin_C,üîÅ Cut Promo (C),üî¥ Low,‚úÖ Low Risk to Remove,60,754.2173389378531,641.0847380971751,1131.3260084067797,0.0,0.5,0.1,339.39780252203394
394678,762.0,10.0,3.0,0.0131233595800524,0.3,0.0039370078740157,93.75,48.53,45.22,135.66,0,762.0,3.0,45.22,0.0039370078740157,18.51329672952973,837.1712781093345,1.5,67.83,47.01265024899374,2125.9120442594967,2125.9120442594967,recovered_margin_C,üîÅ Cut Promo (C),üü° Medium,üü° Moderate Risk,40,2125.9120442594967,1807.0252376205722,3188.868066389245,0.3,0.75,0.3,1116.1038232362357
206880,598.0,14.0,0.0,0.0234113712374581,0.0,0.0,61.82,35.89,25.93,0.0,0,598.0,0.0,25.93,0.0001,16.823338378292362,436.22916414912095,0.0299,0.7753070000000002,39.18897276758301,1016.1700638634276,1016.1700638634276,recovered_margin_C,üîÅ Cut Promo (C),üü° Medium,‚úÖ Low Risk to Remove,60,1016.1700638634276,863.7445542839134,1524.2550957951414,0.0,0.75,0.1,685.9147931078137
231243,565.0,7.0,0.0,0.0123893805309734,0.0,0.0,91.4,54.96,36.440000000000005,0.0,0,565.0,0.0,36.440000000000005,0.0001,15.894960173470208,579.2123487212544,0.02825,1.0294300000000003,37.026370591445485,1349.2409443522736,1349.2409443522736,recovered_margin_C,üîÅ Cut Promo (C),üü° Medium,‚úÖ Low Risk to Remove,60,1349.2409443522736,1146.8548026994324,2023.8614165284102,0.0,0.75,0.1,910.7376374377847
17114,542.0,4.0,0.0,0.007380073800738,0.0,0.0,85.44,48.75,36.69,0.0,0,542.0,0.0,36.69,0.0001,15.24790869738204,559.445770106947,0.0271,0.9942990000000002,35.51910240807691,1303.1958673523418,1303.1958673523418,recovered_margin_C,üîÅ Cut Promo (C),üü° Medium,‚úÖ Low Risk to Remove,60,1303.1958673523418,1107.7164872494905,1954.7938010285127,0.0,0.75,0.1,879.6572104628307
304537,514.0,10.0,0.0,0.0194552529182879,0.0,0.0,49.09,28.16,20.930000000000003,0.0,0,514.0,0.0,20.930000000000003,0.0001,14.460193856926878,302.6518574254796,0.0257,0.5379010000000002,33.68416722832386,705.0096200888185,705.0096200888185,recovered_margin_C,üîÅ Cut Promo (C),üî¥ Low,‚úÖ Low Risk to Remove,60,705.0096200888185,599.2581770754957,1057.5144301332277,0.0,0.5,0.1,317.2543290399683
425186,513.0,2.0,0.0,0.0038986354775828,0.0,0.0,97.0,57.09,39.91,0.0,0,513.0,0.0,39.91,0.0001,14.43206118405348,575.9835618555744,0.02565,1.0236915000000002,33.61863382904696,1341.7196761172645,1341.7196761172645,recovered_margin_C,üîÅ Cut Promo (C),üü° Medium,‚úÖ Low Risk to Remove,60,1341.7196761172645,1140.4617246996747,2012.5795141758967,0.0,0.75,0.1,905.6607813791536
115323,474.0,1.0,0.0,0.0021097046413502,0.0,0.0,38.12,19.24,18.88,0.0,0,474.0,0.0,18.88,0.0001,13.334886941990936,251.76266546478885,0.0237,0.4474560000000001,31.06283125724807,586.4662541368435,586.4662541368435,recovered_margin_C,üîÅ Cut Promo (C),üî¥ Low,‚úÖ Low Risk to Remove,60,586.4662541368435,498.496316016317,879.6993812052654,0.0,0.5,0.1,263.9098143615796
244252,452.0,4.0,0.0,0.0088495575221238,0.0,0.0,62.37,42.11,20.26,0.0,0,452.0,0.0,20.26,0.0001,12.715968138776166,257.6255144916051,0.0226,0.457876,29.62109647315639,600.1234145461484,600.1234145461484,recovered_margin_C,üîÅ Cut Promo (C),üî¥ Low,‚úÖ Low Risk to Remove,60,600.1234145461484,510.1049023642261,900.1851218192226,0.0,0.5,0.1,270.0555365457668
120541,371.0,3.0,0.0,0.0080862533692722,0.0,0.0,70.99,44.56,26.429999999999996,0.0,0,371.0,0.0,26.429999999999996,0.0001,10.43722163603088,275.8557678402961,0.01855,0.4902764999999999,24.31289113172792,642.5897126115688,642.5897126115688,recovered_margin_C,üîÅ Cut Promo (C),üî¥ Low,‚úÖ Low Risk to Remove,60,642.5897126115688,546.2012557198334,963.8845689173531,0.0,0.5,0.1,289.16537067520596
115426,363.0,4.0,0.0,0.0110192837465564,0.0,0.0,53.57,27.95,25.62,0.0,0,363.0,0.0,25.62,0.0001,10.212160253043692,261.6355456829794,0.01815,0.4650030000000001,23.788623937512764,609.464545279077,609.464545279077,recovered_margin_C,üîÅ Cut Promo (C),üî¥ Low,‚úÖ Low Risk to Remove,60,609.464545279077,518.0448634872155,914.1968179186156,0.0,0.5,0.1,274.25904537558466
271953,317.0,1.0,0.0,0.0031545741324921,0.0,0.0,76.5,54.43,22.07,0.0,0,317.0,0.0,22.07,0.0001,8.918057300867355,196.82152463014253,0.01585,0.3498095,20.77408757077561,458.4841126870177,458.4841126870177,recovered_margin_C,üîÅ Cut Promo (C),üî¥ Low,‚úÖ Low Risk to Remove,60,458.4841126870177,389.71149578396506,687.7261690305265,0.0,0.5,0.1,206.317850709158
32843,316.0,2.0,0.0,0.0063291139240506,0.0,0.0,95.78,53.37,42.41,0.0,0,316.0,0.0,42.41,0.0001,8.889924627993956,377.0217034732237,0.0158,0.6700780000000002,20.708554171498715,878.2497824132606,878.2497824132606,recovered_margin_C,üîÅ Cut Promo (C),üî¥ Low,‚úÖ Low Risk to Remove,60,878.2497824132606,746.5123150512715,1317.374673619891,0.0,0.5,0.1,395.2124020859673
33182,309.0,8.0,0.0,0.0258899676375404,0.0,0.0,96.97,50.14,46.83,0.0,0,309.0,0.0,46.83,0.0001,8.692995917880166,407.09299883432817,0.01545,0.7235235000000001,20.24982037656045,948.2990882343258,948.2990882343258,recovered_margin_C,üîÅ Cut Promo (C),üî¥ Low,‚úÖ Low Risk to Remove,60,948.2990882343258,806.054224999177,1422.4486323514889,0.0,0.5,0.1,426.73458970544664
135900,306.0,4.0,0.0,0.0130718954248366,0.0,0.0,99.44,55.63,43.81,0.0,0,306.0,0.0,43.81,0.0001,8.608597899259971,377.1426739665793,0.0153,0.670293,20.053220178729767,878.531576030151,878.531576030151,recovered_margin_C,üîÅ Cut Promo (C),üî¥ Low,‚úÖ Low Risk to Remove,60,878.531576030151,746.7518396256283,1317.7973640452265,0.0,0.5,0.1,395.3392092135679
237021,302.0,7.0,0.0,0.0231788079470198,0.0,0.0,96.03,48.16,47.870000000000005,0.0,0,302.0,0.0,47.870000000000005,0.0001,8.496067207766377,406.7067372357765,0.0151,0.7228370000000002,19.79108658162219,947.3993146622544,947.3993146622544,recovered_margin_C,üîÅ Cut Promo (C),üî¥ Low,‚úÖ Low Risk to Remove,60,947.3993146622544,805.2894174629162,1421.0989719933816,0.0,0.5,0.1,426.32969159801445
296619,300.0,5.0,0.0,0.0166666666666666,0.0,0.0,57.1,29.03,28.07,0.0,0,300.0,0.0,28.07,0.0001,8.439801862019578,236.9052382668896,0.015,0.4210500000000001,19.6600197830684,551.85675531073,551.85675531073,recovered_margin_C,üîÅ Cut Promo (C),üî¥ Low,‚úÖ Low Risk to Remove,60,551.85675531073,469.0782420141205,827.785132966095,0.0,0.5,0.1,248.3355398898285
45543,298.0,4.0,0.0,0.0134228187919463,0.0,0.0,62.89,38.39,24.5,0.0,0,298.0,0.0,24.5,0.0001,8.383536516272782,205.39664464868315,0.0149,0.3650500000000001,19.52895298451461,478.459348120608,478.459348120608,recovered_margin_C,üîÅ Cut Promo (C),üî¥ Low,‚úÖ Low Risk to Remove,60,478.459348120608,406.6904459025168,717.689022180912,0.0,0.5,0.1,215.3067066542736
212672,296.0,3.0,0.0,0.0101351351351351,0.0,0.0,53.46,28.09,25.37,0.0,0,296.0,0.0,25.37,0.0001,8.327271170525984,211.26286959624423,0.0148,0.3754760000000001,19.39788618596082,492.1243725378261,492.1243725378261,recovered_margin_C,üîÅ Cut Promo (C),üî¥ Low,‚úÖ Low Risk to Remove,60,492.1243725378261,418.3057166571522,738.1865588067392,0.0,0.5,0.1,221.45596764202176
91600,286.0,2.0,0.0,0.0069930069930069,0.0,0.0,90.13,56.35,33.779999999999994,0.0,0,286.0,0.0,33.779999999999994,0.0001,8.045944441791999,271.7920032437337,0.0143,0.483054,18.742552193191877,633.1234130860214,633.1234130860214,recovered_margin_C,üîÅ Cut Promo (C),üî¥ Low,‚úÖ Low Risk to Remove,60,633.1234130860214,538.1549011231182,949.6851196290321,0.0,0.5,0.1,284.90553588870966
108457,280.0,2.0,0.0,0.0071428571428571,0.0,0.0,95.96,56.76,39.2,0.0,0,280.0,0.0,39.2,0.0001,7.877148404551607,308.784217458423,0.014,0.5488000000000001,18.349351797530502,719.2945904631957,719.2945904631957,recovered_margin_C,üîÅ Cut Promo (C),üî¥ Low,‚úÖ Low Risk to Remove,60,719.2945904631957,611.4004018937163,1078.9418856947937,0.0,0.5,0.1,323.68256570843806
161135,269.0,5.0,0.0,0.0185873605947955,0.0,0.0,91.62,60.51,31.110000000000007,0.0,0,269.0,0.0,31.110000000000007,0.0001,7.567689002944222,235.4308048815948,0.01345,0.4184295000000001,17.628484405484667,548.4221498546281,548.4221498546281,recovered_margin_C,üîÅ Cut Promo (C),üî¥ Low,‚úÖ Low Risk to Remove,60,548.4221498546281,466.15882737643386,822.6332247819421,0.0,0.5,0.1,246.78996743458262
40864,257.0,6.0,0.0,0.0233463035019455,0.0,0.0,85.37,53.74,31.630000000000003,0.0,0,257.0,0.0,31.630000000000003,0.0001,7.230096928463439,228.68796584729856,0.01285,0.4064455,16.84208361416193,532.7151047159418,532.7151047159418,recovered_margin_C,üîÅ Cut Promo (C),üî¥ Low,‚úÖ Low Risk to Remove,60,532.7151047159418,452.80783900855056,799.0726570739128,0.0,0.5,0.1,239.72179712217383
89438,253.0,11.0,0.0,0.0434782608695652,0.0,0.0,68.85,41.71,27.139999999999997,0.0,0,253.0,0.0,27.139999999999997,0.0001,7.117566236969846,193.1707476713616,0.01265,0.3433209999999999,16.57995001705435,449.979843462855,449.979843462855,recovered_margin_C,üîÅ Cut Promo (C),üî¥ Low,‚úÖ Low Risk to Remove,60,449.979843462855,382.48286694342676,674.9697651942824,0.0,0.5,0.1,202.49092955828476
346429,252.0,4.0,0.0,0.0158730158730158,0.0,0.0,58.49,32.25,26.24,0.0,0,252.0,0.0,26.24,0.0001,7.089433564096447,186.0267367218908,0.0126,0.3306240000000001,16.514416617777457,433.3382920504805,433.3382920504805,recovered_margin_C,üîÅ Cut Promo (C),üî¥ Low,‚úÖ Low Risk to Remove,60,433.3382920504805,368.33754824290844,650.0074380757208,0.0,0.5,0.1,195.00223142271622
354676,251.0,8.0,0.0,0.0318725099601593,0.0,0.0,99.2,72.02,27.180000000000007,0.0,0,251.0,0.0,27.180000000000007,0.0001,7.061300891223048,191.9261582234425,0.01255,0.3411090000000001,16.448883218500562,447.08064587884536,447.08064587884536,recovered_margin_C,üîÅ Cut Promo (C),üî¥ Low,‚úÖ Low Risk to Remove,60,447.08064587884536,380.01854899701857,670.620968818268,0.0,0.5,0.1,201.18629064548043
284000,248.0,2.0,0.0,0.0080645161290322,0.0,0.0,83.62,43.38,40.24,0.0,0,248.0,0.0,40.24,0.0001,6.976902872602852,280.7505715935388,0.0124,0.4989760000000001,16.25228302066988,653.991868751756,653.991868751756,recovered_margin_C,üîÅ Cut Promo (C),üî¥ Low,‚úÖ Low Risk to Remove,60,653.991868751756,555.8930884389925,980.9878031276339,0.0,0.5,0.1,294.2963409382902
373128,247.0,7.0,0.0,0.0283400809716599,0.0,0.0,90.18,51.06,39.120000000000005,0.0,0,247.0,0.0,39.120000000000005,0.0001,6.948770199729454,271.8358902134163,0.01235,0.4831320000000001,16.186749621392984,633.2256451888936,633.2256451888936,recovered_margin_C,üîÅ Cut Promo (C),üî¥ Low,‚úÖ Low Risk to Remove,60,633.2256451888936,538.2417984105596,949.8384677833404,0.0,0.5,0.1,284.95154033500216
119636,243.0,1.0,0.0,0.0041152263374485,0.0,0.0,90.14,56.72,33.42,0.0,0,243.0,0.0,33.42,0.0001,6.83623950823586,228.46712436524243,0.01215,0.4060530000000001,15.924616024285404,532.2006675316183,532.2006675316183,recovered_margin_C,üîÅ Cut Promo (C),üî¥ Low,‚úÖ Low Risk to Remove,60,532.2006675316183,452.3705674018755,798.3010012974273,0.0,0.5,0.1,239.49030038922822
440747,240.0,5.0,0.0,0.0208333333333333,0.0,0.0,77.78,45.7,32.08,0.0,0,240.0,0.0,32.08,0.0001,6.751841489615663,216.59907498687048,0.012,0.38496,15.72801582645472,504.55474771266734,504.55474771266734,recovered_margin_C,üîÅ Cut Promo (C),üî¥ Low,‚úÖ Low Risk to Remove,60,504.55474771266734,428.87153555576725,756.832121569001,0.0,0.5,0.1,227.0496364707003
353347,235.0,1.0,0.0,0.0042553191489361,0.0,0.0,87.11,56.68,30.43,0.0,0,235.0,0.0,30.43,0.0001,6.611178125248671,201.17815035131704,0.01175,0.3575525,15.400348830070246,468.6326148990376,468.6326148990376,recovered_margin_C,üîÅ Cut Promo (C),üî¥ Low,‚úÖ Low Risk to Remove,60,468.6326148990376,398.33772266418197,702.9489223485564,0.0,0.5,0.1,210.8846767045669
77902,231.0,6.0,0.0,0.0259740259740259,0.0,0.0,80.0,49.44,30.56,0.0,0,231.0,0.0,30.56,0.0001,6.498647433755076,198.59866557555517,0.01155,0.3529680000000001,15.138215232962668,462.6238575193392,462.6238575193392,recovered_margin_C,üîÅ Cut Promo (C),üî¥ Low,‚úÖ Low Risk to Remove,60,462.6238575193392,393.23027889143833,693.9357862790088,0.0,0.5,0.1,208.18073588370265
153625,221.0,2.0,0.0,0.0090497737556561,0.0,0.0,58.99,33.2,25.79,0.0,0,221.0,0.0,25.79,0.0001,6.21732070502109,160.34470098249392,0.01105,0.2849795,14.482881240193722,373.5135071845961,373.5135071845961,recovered_margin_C,üîÅ Cut Promo (C),üî¥ Low,‚úÖ Low Risk to Remove,60,373.5135071845961,317.4864811069067,560.2702607768941,0.0,0.5,0.1,168.08107823306824
278351,219.0,8.0,0.0,0.0365296803652968,0.0,0.0,92.0,58.31,33.69,0.0,0,219.0,0.0,33.69,0.0001,6.161055359274293,207.5659550539509,0.01095,0.3689055,14.351814441639933,483.5126285388493,483.5126285388493,recovered_margin_C,üîÅ Cut Promo (C),üî¥ Low,‚úÖ Low Risk to Remove,60,483.5126285388493,410.9857342580219,725.268942808274,0.0,0.5,0.1,217.5806828424822
17655,219.0,1.0,0.0,0.0045662100456621,0.0,0.0,93.15,66.17,26.980000000000004,0.0,0,219.0,0.0,26.980000000000004,0.0001,6.161055359274293,166.22527359322046,0.01095,0.295431,14.351814441639933,387.2119536354455,387.2119536354455,recovered_margin_C,üîÅ Cut Promo (C),üî¥ Low,‚úÖ Low Risk to Remove,60,387.2119536354455,329.1301605901287,580.8179304531683,0.0,0.5,0.1,174.2453791359505
421337,218.0,9.0,0.0,0.0412844036697247,0.0,0.0,73.09,42.71,30.380000000000003,0.0,0,218.0,0.0,30.380000000000003,0.0001,6.132922686400894,186.3181912128592,0.0109,0.3311420000000001,14.286281042363036,434.0172180669891,434.0172180669891,recovered_margin_C,üîÅ Cut Promo (C),üî¥ Low,‚úÖ Low Risk to Remove,60,434.0172180669891,368.9146353569407,651.0258271004836,0.0,0.5,0.1,195.3077481301451
459848,216.0,4.0,0.0,0.0185185185185185,0.0,0.0,75.58,42.18,33.4,0.0,0,216.0,0.0,33.4,0.0001,6.076657340654097,202.9603551778468,0.0108,0.36072,14.155214243809247,472.7841557432288,472.7841557432288,recovered_margin_C,üîÅ Cut Promo (C),üî¥ Low,‚úÖ Low Risk to Remove,60,472.7841557432288,401.86653238174443,709.1762336148431,0.0,0.5,0.1,212.75287008445295
374841,215.0,5.0,0.0,0.0232558139534883,0.0,0.0,89.84,53.0,36.84,0.0,0,215.0,0.0,36.84,0.0001,6.048524667780699,222.82764876104096,0.01075,0.3960300000000001,14.089680844532351,519.063842312572,519.063842312572,recovered_margin_C,üîÅ Cut Promo (C),üî¥ Low,‚úÖ Low Risk to Remove,60,519.063842312572,441.20426596568615,778.595763468858,0.0,0.5,0.1,233.5787290406574
174284,213.0,1.0,0.0,0.0046948356807511,0.0,0.0,97.68,70.15,27.53,0.0,0,213.0,0.0,27.53,0.0001,5.9922593220339015,164.9668991355933,0.01065,0.2931945000000001,13.958614045978564,384.28064468578987,384.28064468578987,recovered_margin_C,üîÅ Cut Promo (C),üî¥ Low,‚úÖ Low Risk to Remove,60,384.28064468578987,326.63854798292135,576.4209670286848,0.0,0.5,0.1,172.92629010860546
202648,212.0,11.0,0.0,0.0518867924528301,0.0,0.0,77.98,53.88,24.1,0.0,0,212.0,0.0,24.1,0.0001,5.964126649160503,143.7354522447681,0.0106,0.2554600000000001,13.89308064670167,334.8232435855102,334.8232435855102,recovered_margin_C,üîÅ Cut Promo (C),üî¥ Low,‚úÖ Low Risk to Remove,60,334.8232435855102,284.5997570476837,502.23486537826534,0.0,0.5,0.1,150.6704596134796
339763,211.0,5.0,0.0,0.0236966824644549,0.0,0.0,83.9,45.58,38.32000000000001,0.0,0,211.0,0.0,38.32000000000001,0.0001,5.935993976287104,227.46728917132188,0.01055,0.4042760000000001,13.827547247424777,529.8716105213175,529.8716105213175,recovered_margin_C,üîÅ Cut Promo (C),üî¥ Low,‚úÖ Low Risk to Remove,60,529.8716105213175,450.39086894311987,794.8074157819763,0.0,0.5,0.1,238.44222473459288
337257,208.0,11.0,0.0,0.0528846153846153,0.0,0.0,82.91,51.32,31.59,0.0,0,208.0,0.0,31.59,0.0001,5.851595957666908,184.8519163026976,0.0104,0.328536,13.630947049594091,430.6016172966773,430.6016172966773,recovered_margin_C,üîÅ Cut Promo (C),üî¥ Low,‚úÖ Low Risk to Remove,60,430.6016172966773,366.0113747021757,645.9024259450159,0.0,0.5,0.1,193.7707277835048
178999,206.0,4.0,0.0,0.0194174757281553,0.0,0.0,82.37,53.74,28.630000000000003,0.0,0,206.0,0.0,28.630000000000003,0.0001,5.795330611920111,165.92031541927278,0.0103,0.294889,13.4998802510403,386.5015715872838,386.5015715872838,recovered_margin_C,üîÅ Cut Promo (C),üî¥ Low,‚úÖ Low Risk to Remove,60,386.5015715872838,328.52633584919124,579.7523573809258,0.0,0.5,0.1,173.92570721427774
86532,204.0,8.0,0.0,0.0392156862745098,0.0,0.0,96.45,69.27,27.180000000000007,0.0,0,204.0,0.0,27.180000000000007,0.0001,5.739065266173314,155.9877939345907,0.0102,0.2772360000000001,13.368813452486512,363.36434963858346,363.36434963858346,recovered_margin_C,üîÅ Cut Promo (C),üî¥ Low,‚úÖ Low Risk to Remove,60,363.36434963858346,308.8596971927959,545.0465244578752,0.0,0.5,0.1,163.51395733736257
140879,204.0,2.0,0.0,0.0098039215686274,0.0,0.0,84.76,56.91,27.85000000000001,0.0,0,204.0,0.0,27.85000000000001,0.0001,5.739065266173314,159.83296766292685,0.0102,0.2840700000000001,13.368813452486512,372.3214546517495,372.3214546517495,recovered_margin_C,üîÅ Cut Promo (C),üî¥ Low,‚úÖ Low Risk to Remove,60,372.3214546517495,316.47323645398706,558.4821819776242,0.0,0.5,0.1,167.54465459328728
205814,204.0,11.0,0.0,0.0539215686274509,0.0,0.0,64.07,39.53,24.539999999999992,0.0,0,204.0,0.0,24.539999999999992,0.0001,5.739065266173314,140.8366616318931,0.0102,0.250308,13.368813452486512,328.0706821240189,328.0706821240189,recovered_margin_C,üîÅ Cut Promo (C),üî¥ Low,‚úÖ Low Risk to Remove,60,328.0706821240189,278.86007980541604,492.1060231860283,0.0,0.5,0.1,147.6318069558085
167399,201.0,2.0,0.0,0.0099502487562189,0.0,0.0,75.8,51.64,24.16,0.0,0,201.0,0.0,24.16,0.0001,5.654667247553118,136.61676070088333,0.01005,0.242808,13.172213254655828,318.2406722324848,318.2406722324848,recovered_margin_C,üîÅ Cut Promo (C),üî¥ Low,‚úÖ Low Risk to Remove,60,318.2406722324848,270.5045713976121,477.36100834872724,0.0,0.5,0.1,143.2083025046182
426351,199.0,6.0,0.0,0.0301507537688442,0.0,0.0,69.35,37.54,31.809999999999995,0.0,0,199.0,0.0,31.809999999999995,0.0001,5.598401901806321,178.08516449645904,0.00995,0.3165095,13.04114645610204,414.8388687686058,414.8388687686058,recovered_margin_C,üîÅ Cut Promo (C),üî¥ Low,‚úÖ Low Risk to Remove,60,414.8388687686058,352.6130384533149,622.2583031529086,0.0,0.5,0.1,186.6774909458726
277762,199.0,12.0,0.0,0.0603015075376884,0.0,0.0,70.55,46.08,24.47,0.0,0,199.0,0.0,24.47,0.0001,5.598401901806321,136.99289453720067,0.00995,0.2434765,13.04114645610204,319.1168537808169,319.1168537808169,recovered_margin_C,üîÅ Cut Promo (C),üî¥ Low,‚úÖ Low Risk to Remove,60,319.1168537808169,271.24932571369436,478.6752806712253,0.0,0.5,0.1,143.6025842013676
447710,198.0,3.0,0.0,0.0151515151515151,0.0,0.0,97.88,58.6,39.28,0.0,0,198.0,0.0,39.28,0.0001,5.570269228932922,218.80017531248515,0.0099,0.388872,12.975613056825145,509.6820808720916,509.6820808720916,recovered_margin_C,üîÅ Cut Promo (C),üî¥ Low,‚úÖ Low Risk to Remove,60,509.6820808720916,433.22976874127784,764.5231213081374,0.0,0.5,0.1,229.3569363924412
364612,197.0,4.0,0.0,0.0203045685279187,0.0,0.0,81.63,50.62,31.01,0.0,0,197.0,0.0,31.01,0.0001,5.542136556059524,171.86165460340584,0.00985,0.3054485,12.910079657548248,400.3415701805712,400.3415701805712,recovered_margin_C,üîÅ Cut Promo (C),üî¥ Low,‚úÖ Low Risk to Remove,60,400.3415701805712,340.2903346534855,600.5123552708568,0.0,0.5,0.1,180.15370658125704
396619,192.0,6.0,0.0,0.03125,0.0,0.0,74.85,39.69,35.16,0.0,0,192.0,0.0,35.16,0.0001,5.4014731916925305,189.91579741990932,0.0096,0.337536,12.582412661163776,442.3976291665183,442.3976291665183,recovered_margin_C,üîÅ Cut Promo (C),üî¥ Low,‚úÖ Low Risk to Remove,60,442.3976291665183,376.03798479154057,663.5964437497774,0.0,0.5,0.1,199.07893312493323
225612,188.0,4.0,0.0,0.0212765957446808,0.0,0.0,76.52,42.76,33.76,0.0,0,188.0,0.0,33.76,0.0001,5.288942500198936,178.55469880671606,0.0094,0.317344,12.320279064056198,415.9326212025372,415.9326212025372,recovered_margin_C,üîÅ Cut Promo (C),üî¥ Low,‚úÖ Low Risk to Remove,60,415.9326212025372,353.5427280221566,623.8989318038058,0.0,0.5,0.1,187.16967954114173
418007,187.0,2.0,0.0,0.0106951871657754,0.0,0.0,63.81,32.07,31.74,0.0,0,187.0,0.0,31.74,0.0001,5.260809827325538,166.9781039193126,0.00935,0.2967690000000001,12.254745664779303,388.9656274000951,388.9656274000951,recovered_margin_C,üîÅ Cut Promo (C),üî¥ Low,‚úÖ Low Risk to Remove,60,388.9656274000951,330.62078329008085,583.4484411001426,0.0,0.5,0.1,175.0345323300428
396336,186.0,1.0,0.0,0.0053763440860215,0.0,0.0,97.98,67.84,30.14,0.0,0,186.0,0.0,30.14,0.0001,5.232677154452139,157.71288943518746,0.0093,0.280302,12.189212265502409,367.38285768224256,367.38285768224256,recovered_margin_C,üîÅ Cut Promo (C),üî¥ Low,‚úÖ Low Risk to Remove,60,367.38285768224256,312.27542902990615,551.0742865233639,0.0,0.5,0.1,165.32228595700914
164941,186.0,2.0,0.0,0.010752688172043,0.0,0.0,72.03,46.53,25.5,0.0,0,186.0,0.0,25.5,0.0001,5.232677154452139,133.43326743852955,0.0093,0.23715,12.189212265502409,310.82491277031136,310.82491277031136,recovered_margin_C,üîÅ Cut Promo (C),üî¥ Low,‚úÖ Low Risk to Remove,60,310.82491277031136,264.20117585476464,466.23736915546704,0.0,0.5,0.1,139.87121074664012
184465,185.0,4.0,0.0,0.0216216216216216,0.0,0.0,78.17,47.05,31.120000000000005,0.0,0,185.0,0.0,31.120000000000005,0.0001,5.204544481578741,161.96542426673042,0.00925,0.28786,12.123678866225513,377.288886316938,377.288886316938,recovered_margin_C,üîÅ Cut Promo (C),üî¥ Low,‚úÖ Low Risk to Remove,60,377.288886316938,320.69555336939726,565.9333294754069,0.0,0.5,0.1,169.7799988426221
54172,181.0,4.0,0.0,0.0220994475138121,0.0,0.0,76.54,49.12,27.42000000000001,0.0,0,181.0,0.0,27.42000000000001,0.0001,5.092013790085146,139.62301812413477,0.00905,0.2481510000000001,11.861545269117936,325.2435712792139,325.2435712792139,recovered_margin_C,üîÅ Cut Promo (C),üî¥ Low,‚úÖ Low Risk to Remove,60,325.2435712792139,276.4570355873318,487.8653569188208,0.0,0.5,0.1,146.35960707564624
260579,181.0,2.0,0.0,0.011049723756906,0.0,0.0,78.91,41.74,37.17,0.0,0,181.0,0.0,37.17,0.0001,5.092013790085146,189.27015257746487,0.00905,0.3363885,11.861545269117936,440.8936376531136,440.8936376531136,recovered_margin_C,üîÅ Cut Promo (C),üî¥ Low,‚úÖ Low Risk to Remove,60,440.8936376531136,374.75959200514654,661.3404564796704,0.0,0.5,0.1,198.40213694390113
258508,178.0,8.0,0.0,0.0449438202247191,0.0,0.0,74.66,48.61,26.05,0.0,0,178.0,0.0,26.05,0.0001,5.00761577146495,130.44839084666194,0.0089,0.231845,11.664945071287253,303.8718191070329,303.8718191070329,recovered_margin_C,üîÅ Cut Promo (C),üî¥ Low,‚úÖ Low Risk to Remove,60,303.8718191070329,258.29104624097795,455.8077286605493,0.0,0.5,0.1,136.7423185981648
322973,177.0,8.0,0.0,0.0451977401129943,0.0,0.0,51.51,25.92,25.59,0.0,0,177.0,0.0,25.59,0.0001,4.979483098591552,127.4249724929578,0.00885,0.2264715,11.599411672010357,296.828944686745,296.828944686745,recovered_margin_C,‚ùå Kill SKU,üî¥ Low,‚úÖ Low Risk to Remove,20,296.828944686745,252.30460298373325,445.2434170301175,0.0,0.5,0.1,133.57302510903526
441158,172.0,5.0,0.0,0.0290697674418604,0.0,0.0,70.65,36.83,33.82000000000001,0.0,0,172.0,0.0,33.82000000000001,0.0001,4.838819734224559,163.6488834114746,0.0086,0.2908520000000001,11.271744675625882,381.21040492966745,381.21040492966745,recovered_margin_C,üîÅ Cut Promo (C),üî¥ Low,‚úÖ Low Risk to Remove,60,381.21040492966745,324.02884419021734,571.8156073945012,0.0,0.5,0.1,171.54468221835035
397236,170.0,3.0,0.0,0.0176470588235294,0.0,0.0,63.74,37.06,26.68,0.0,0,170.0,0.0,26.68,0.0001,4.782554388477761,127.59855108458667,0.0085,0.22678,11.140677877072092,297.2332857602834,297.2332857602834,recovered_margin_C,‚ùå Kill SKU,üî¥ Low,‚úÖ Low Risk to Remove,20,297.2332857602834,252.6482928962409,445.8499286404251,0.0,0.5,0.1,133.75497859212754
109656,169.0,5.0,0.0,0.029585798816568,0.0,0.0,66.27,35.78,30.489999999999995,0.0,0,169.0,0.0,30.489999999999995,0.0001,4.754421715604363,144.962318108777,0.00845,0.2576405,11.0751444777952,337.6811551279756,337.6811551279756,recovered_margin_C,üîÅ Cut Promo (C),üî¥ Low,‚úÖ Low Risk to Remove,60,337.6811551279756,287.0289818587793,506.5217326919634,0.0,0.5,0.1,151.95651980758902
19588,168.0,6.0,0.0,0.0357142857142857,0.0,0.0,99.53,66.04,33.489999999999995,0.0,0,168.0,0.0,33.489999999999995,0.0001,4.726289042730964,158.28342004105997,0.0084,0.281316,11.009611078518304,368.711875019578,368.711875019578,recovered_margin_C,üîÅ Cut Promo (C),üî¥ Low,‚úÖ Low Risk to Remove,60,368.711875019578,313.40509376664124,553.067812529367,0.0,0.5,0.1,165.9203437588101
401523,168.0,1.0,0.0,0.0059523809523809,0.0,0.0,62.87,37.15,25.72,0.0,0,168.0,0.0,25.72,0.0001,4.726289042730964,121.5601541790404,0.0084,0.216048,11.009611078518304,283.1671969394908,283.1671969394908,recovered_margin_C,‚ùå Kill SKU,üî¥ Low,‚úÖ Low Risk to Remove,20,283.1671969394908,240.69211739856718,424.75079540923616,0.0,0.5,0.1,127.42523862277086
102176,167.0,7.0,0.0,0.0419161676646706,0.0,0.0,82.56,43.17,39.39,0.0,0,167.0,0.0,39.39,0.0001,4.698156369857566,185.06037940868956,0.00835,0.3289065,10.94407767924141,431.0872197853191,431.0872197853191,recovered_margin_C,üîÅ Cut Promo (C),üî¥ Low,‚úÖ Low Risk to Remove,60,431.0872197853191,366.42413681752123,646.6308296779787,0.0,0.5,0.1,193.98924890339362
302224,166.0,4.0,0.0,0.0240963855421686,0.0,0.0,90.24,56.49,33.74999999999999,0.0,0,166.0,0.0,33.74999999999999,0.0001,4.670023696984167,157.6132997732156,0.0083,0.280125,10.878544279964515,367.1508694488023,367.1508694488023,recovered_margin_C,üîÅ Cut Promo (C),üî¥ Low,‚úÖ Low Risk to Remove,60,367.1508694488023,312.078239031482,550.7263041732035,0.0,0.5,0.1,165.21789125196105
439262,164.0,1.0,0.0,0.0060975609756097,0.0,0.0,54.6,28.23,26.37,0.0,0,164.0,0.0,26.37,0.0001,4.61375835123737,121.66480772212944,0.0082,0.216234,10.747477481410725,283.4109811848008,283.4109811848008,recovered_margin_C,‚ùå Kill SKU,üî¥ Low,‚úÖ Low Risk to Remove,20,283.4109811848008,240.89933400708065,425.1164717772012,0.0,0.5,0.1,127.53494153316036
179856,164.0,12.0,0.0,0.073170731707317,0.0,0.0,71.27,37.91,33.36,0.0,0,164.0,0.0,33.36,0.0001,4.61375835123737,153.91497859727866,0.0082,0.273552,10.747477481410725,358.53584877986174,358.53584877986174,recovered_margin_C,üîÅ Cut Promo (C),üî¥ Low,‚úÖ Low Risk to Remove,60,358.53584877986174,304.7554714628825,537.8037731697926,0.0,0.5,0.1,161.34113195093778
309139,164.0,1.0,0.0,0.0060975609756097,0.0,0.0,82.46,42.88,39.57999999999999,0.0,0,164.0,0.0,39.57999999999999,0.0001,4.61375835123737,182.61255554197504,0.0082,0.3245559999999999,10.747477481410725,425.3851587142364,425.3851587142364,recovered_margin_C,üîÅ Cut Promo (C),üî¥ Low,‚úÖ Low Risk to Remove,60,425.3851587142364,361.57738490710096,638.0777380713546,0.0,0.5,0.1,191.4233214214064
327771,163.0,3.0,0.0,0.0184049079754601,0.0,0.0,69.22,39.6,29.62,0.0,0,163.0,0.0,29.62,0.0001,4.585625678363972,135.82623259314082,0.00815,0.241403,10.68194408213383,316.399183712804,316.399183712804,recovered_margin_C,üîÅ Cut Promo (C),üî¥ Low,‚úÖ Low Risk to Remove,60,316.399183712804,268.9393061558834,474.59877556920605,0.0,0.5,0.1,142.37963267076182
21253,162.0,5.0,0.0,0.0308641975308641,0.0,0.0,80.82,48.51,32.309999999999995,0.0,0,162.0,0.0,32.309999999999995,0.0001,4.5574930054905725,147.25259900740036,0.0081,0.261711,10.616410682856936,343.01622916310754,343.01622916310754,recovered_margin_C,üîÅ Cut Promo (C),üî¥ Low,‚úÖ Low Risk to Remove,60,343.01622916310754,291.5637947886414,514.5243437446613,0.0,0.5,0.1,154.3573031233984
105868,160.0,4.0,0.0,0.025,0.0,0.0,96.43,63.33,33.10000000000001,0.0,0,160.0,0.0,33.10000000000001,0.0001,4.501227659743775,148.990635537519,0.008,0.2648000000000001,10.485343884303148,347.06488257043424,347.06488257043424,recovered_margin_C,üîÅ Cut Promo (C),üî¥ Low,‚úÖ Low Risk to Remove,60,347.06488257043424,295.0051501848691,520.5973238556513,0.0,0.5,0.1,156.1791971566954
92329,160.0,1.0,0.0,0.00625,0.0,0.0,87.27,60.88,26.389999999999997,0.0,0,160.0,0.0,26.389999999999997,0.0001,4.501227659743775,118.7873979406382,0.008,0.21112,10.485343884303148,276.70822510676,276.70822510676,recovered_margin_C,‚ùå Kill SKU,üî¥ Low,‚úÖ Low Risk to Remove,20,276.70822510676,235.201991340746,415.06233766014,0.0,0.5,0.1,124.51870129804199
260090,157.0,2.0,0.0,0.0127388535031847,0.0,0.0,85.28,43.48,41.8,0.0,0,157.0,0.0,41.8,0.0001,4.41682964112358,184.62347899896565,0.00785,0.3281300000000001,10.288743686472465,430.069486094549,430.069486094549,recovered_margin_C,üîÅ Cut Promo (C),üî¥ Low,‚úÖ Low Risk to Remove,60,430.069486094549,365.55906318036665,645.1042291418235,0.0,0.5,0.1,193.53126874254707
299975,156.0,2.0,0.0,0.0128205128205128,0.0,0.0,87.36,56.07,31.29,0.0,0,156.0,0.0,31.29,0.0001,4.388696968250181,137.32232813654815,0.0078,0.244062,10.223210287195569,319.8842498863493,319.8842498863493,recovered_margin_C,üîÅ Cut Promo (C),üî¥ Low,‚úÖ Low Risk to Remove,60,319.8842498863493,271.90161240339694,479.82637482952396,0.0,0.5,0.1,143.9479124488572
447888,154.0,5.0,0.0,0.0324675324675324,0.0,0.0,75.65,38.27,37.38,0.0,0,154.0,0.0,37.38,0.0001,4.332431622503384,161.9462940491765,0.0077,0.2878260000000001,10.092143488641778,377.24432360542966,377.24432360542966,recovered_margin_C,üîÅ Cut Promo (C),üî¥ Low,‚úÖ Low Risk to Remove,60,377.24432360542966,320.6576750646152,565.8664854081445,0.0,0.5,0.1,169.75994562244335
334601,153.0,2.0,0.0,0.0130718954248366,0.0,0.0,86.0,56.71,29.29,0.0,0,153.0,0.0,29.29,0.0001,4.3042989496299855,126.07291623466227,0.00765,0.2240685,10.026610089364883,293.67940951749745,293.67940951749745,recovered_margin_C,‚ùå Kill SKU,üî¥ Low,‚úÖ Low Risk to Remove,20,293.67940951749745,249.62749808987283,440.51911427624617,0.0,0.5,0.1,132.15573428287385
158603,153.0,5.0,0.0,0.0326797385620915,0.0,0.0,82.79,54.22,28.570000000000007,0.0,0,153.0,0.0,28.570000000000007,0.0001,4.3042989496299855,122.97382099092871,0.00765,0.2185605000000001,10.026610089364883,286.4602502531548,286.4602502531548,recovered_margin_C,‚ùå Kill SKU,üî¥ Low,‚úÖ Low Risk to Remove,20,286.4602502531548,243.49121271518158,429.69037537973225,0.0,0.5,0.1,128.90711261391968
249829,152.0,5.0,0.0,0.0328947368421052,0.0,0.0,86.54,57.32,29.22000000000001,0.0,0,152.0,0.0,29.22000000000001,0.0001,4.276166276756586,124.94957860682749,0.0076,0.2220720000000001,9.961076690087989,291.0626608843711,291.0626608843711,recovered_margin_C,‚ùå Kill SKU,üî¥ Low,‚úÖ Low Risk to Remove,20,291.0626608843711,247.40326175171543,436.59399132655665,0.0,0.5,0.1,130.978197397967
98063,152.0,1.0,0.0,0.006578947368421,0.0,0.0,87.35,47.63,39.71999999999999,0.0,0,152.0,0.0,39.71999999999999,0.0001,4.276166276756586,169.84932451277157,0.0076,0.301872,9.961076690087989,395.6539661302948,395.6539661302948,recovered_margin_C,üîÅ Cut Promo (C),üî¥ Low,‚úÖ Low Risk to Remove,60,395.6539661302948,336.3058712107506,593.4809491954422,0.0,0.5,0.1,178.04428475863267
170473,151.0,2.0,0.0,0.0132450331125827,0.0,0.0,68.82,36.44,32.379999999999995,0.0,0,151.0,0.0,32.379999999999995,0.0001,4.248033603883188,137.55132809373762,0.00755,0.244469,9.895543290811094,320.4176917564632,320.4176917564632,recovered_margin_C,üîÅ Cut Promo (C),üî¥ Low,‚úÖ Low Risk to Remove,60,320.4176917564632,272.35503799299374,480.62653763469484,0.0,0.5,0.1,144.18796129040845
390036,151.0,2.0,0.0,0.0132450331125827,0.0,0.0,96.53,68.06,28.47,0.0,0,151.0,0.0,28.47,0.0001,4.248033603883188,120.94151670255437,0.00755,0.2149485,9.895543290811094,281.72611748939187,281.72611748939187,recovered_margin_C,‚ùå Kill SKU,üî¥ Low,‚úÖ Low Risk to Remove,20,281.72611748939187,239.46719986598308,422.5891762340878,0.0,0.5,0.1,126.77675287022635
171959,149.0,5.0,0.0,0.0335570469798657,0.0,0.0,97.76,59.45,38.31,0.0,0,149.0,0.0,38.31,0.0001,4.191768258136391,160.58664196920515,0.00745,0.2854095000000001,9.764476492257304,374.0770944183774,374.0770944183774,recovered_margin_C,üîÅ Cut Promo (C),üî¥ Low,‚úÖ Low Risk to Remove,60,374.0770944183774,317.96553025562076,561.1156416275661,0.0,0.5,0.1,168.33469248826984
405654,148.0,1.0,0.0,0.0067567567567567,0.0,0.0,88.0,48.62,39.38,0.0,0,148.0,0.0,39.38,0.0001,4.163635585262992,163.96396934765664,0.0074,0.291412,9.69894309298041,381.9443790015686,381.9443790015686,recovered_margin_C,üîÅ Cut Promo (C),üî¥ Low,‚úÖ Low Risk to Remove,60,381.9443790015686,324.6527221513333,572.9165685023529,0.0,0.5,0.1,171.87497055070588
132772,148.0,11.0,0.0,0.0743243243243243,0.0,0.0,61.55,32.33,29.22,0.0,0,148.0,0.0,29.22,0.0001,4.163635585262992,121.66143180138462,0.0074,0.216228,9.69894309298041,283.4031171768876,283.4031171768876,recovered_margin_C,‚ùå Kill SKU,üî¥ Low,‚úÖ Low Risk to Remove,20,283.4031171768876,240.89264960035445,425.10467576533136,0.0,0.5,0.1,127.5314027295994
431310,148.0,9.0,0.0,0.0608108108108108,0.0,0.0,98.8,55.36,43.44,0.0,0,148.0,0.0,43.44,0.0001,4.163635585262992,180.86832982382435,0.0074,0.321456,9.69894309298041,421.322087959069,421.322087959069,recovered_margin_C,üîÅ Cut Promo (C),üî¥ Low,‚úÖ Low Risk to Remove,60,421.322087959069,358.1237747652086,631.9831319386035,0.0,0.5,0.1,189.59493958158106
320732,147.0,3.0,0.0,0.0204081632653061,0.0,0.0,92.74,63.19,29.55,0.0,0,147.0,0.0,29.55,0.0001,4.135502912389594,122.20411106111249,0.00735,0.2171925,9.633409693703516,284.6672564489389,284.6672564489389,recovered_margin_C,‚ùå Kill SKU,üî¥ Low,‚úÖ Low Risk to Remove,20,284.6672564489389,241.96716798159804,427.00088467340834,0.0,0.5,0.1,128.1002654020225
323718,147.0,1.0,0.0,0.0068027210884353,0.0,0.0,97.16,64.05,33.11,0.0,0,147.0,0.0,33.11,0.0001,4.135502912389594,136.92650142921946,0.00735,0.2433585,9.633409693703516,318.9621949585234,318.9621949585234,recovered_margin_C,üîÅ Cut Promo (C),üî¥ Low,‚úÖ Low Risk to Remove,60,318.9621949585234,271.1178657147449,478.4432924377851,0.0,0.5,0.1,143.53298773133554
305077,146.0,2.0,0.0,0.0136986301369863,0.0,0.0,88.65,59.59,29.06,0.0,0,146.0,0.0,29.06,0.0001,4.107370239516195,119.36017916034064,0.0073,0.212138,9.567876294426622,278.04248511603765,278.04248511603765,recovered_margin_C,‚ùå Kill SKU,üî¥ Low,‚úÖ Low Risk to Remove,20,278.04248511603765,236.33611234863199,417.0637276740565,0.0,0.5,0.1,125.11911830221695
349181,145.0,1.0,0.0,0.0068965517241379,0.0,0.0,86.26,48.23,38.03000000000001,0.0,0,145.0,0.0,38.03000000000001,0.0001,4.079237566642797,155.1334046594256,0.00725,0.2757175000000001,9.502342895149727,361.3741003025442,361.3741003025442,recovered_margin_C,üîÅ Cut Promo (C),üî¥ Low,‚úÖ Low Risk to Remove,60,361.3741003025442,307.16798525716257,542.0611504538163,0.0,0.5,0.1,162.6183451361449
247999,145.0,6.0,0.0,0.0413793103448275,0.0,0.0,70.73,35.89,34.84,0.0,0,145.0,0.0,34.84,0.0001,4.079237566642797,142.12063682183506,0.00725,0.2525900000000001,9.502342895149727,331.06162646701654,331.06162646701654,recovered_margin_C,üîÅ Cut Promo (C),üî¥ Low,‚úÖ Low Risk to Remove,60,331.06162646701654,281.40238249696404,496.5924397005248,0.0,0.5,0.1,148.97773191015744
238132,144.0,3.0,0.0,0.0208333333333333,0.0,0.0,88.46,45.85,42.60999999999999,0.0,0,144.0,0.0,42.60999999999999,0.0001,4.051104893769398,172.617579523514,0.0072,0.306792,9.436809495872833,402.1024526191413,402.1024526191413,recovered_margin_C,üîÅ Cut Promo (C),üî¥ Low,‚úÖ Low Risk to Remove,60,402.1024526191413,341.78708472627005,603.1536789287119,0.0,0.5,0.1,180.94610367861358
13855,144.0,1.0,0.0,0.0069444444444444,0.0,0.0,63.73,34.4,29.33,0.0,0,144.0,0.0,29.33,0.0001,4.051104893769398,118.81890653425644,0.0072,0.211176,9.436809495872833,276.7816225139502,276.7816225139502,recovered_margin_C,‚ùå Kill SKU,üî¥ Low,‚úÖ Low Risk to Remove,20,276.7816225139502,235.26437913685766,415.1724337709253,0.0,0.5,0.1,124.5517301312776
165358,143.0,3.0,0.0,0.0209790209790209,0.0,0.0,92.86,63.97,28.89,0.0,0,143.0,0.0,28.89,0.0001,4.022972220896,116.22366746168542,0.00715,0.2065635,9.371276096595937,270.7361664306566,270.7361664306566,recovered_margin_C,‚ùå Kill SKU,üî¥ Low,‚úÖ Low Risk to Remove,20,270.7361664306566,230.12574146605812,406.10424964598496,0.0,0.5,0.1,121.83127489379548
58693,142.0,4.0,0.0,0.028169014084507,0.0,0.0,92.23,47.16,45.07000000000001,0.0,0,142.0,0.0,45.07000000000001,0.0001,3.994839548022601,180.04741842937864,0.0071,0.3199970000000001,9.305742697319042,419.40982336816927,419.40982336816927,recovered_margin_C,üîÅ Cut Promo (C),üî¥ Low,‚úÖ Low Risk to Remove,60,419.40982336816927,356.4983498629439,629.1147350522539,0.0,0.5,0.1,188.73442051567616
299606,142.0,5.0,0.0,0.0352112676056338,0.0,0.0,83.57,52.67,30.89999999999999,0.0,0,142.0,0.0,30.89999999999999,0.0001,3.994839548022601,123.44054203389834,0.0071,0.2193899999999999,9.305742697319042,287.5474493471583,287.5474493471583,recovered_margin_C,‚ùå Kill SKU,üî¥ Low,‚úÖ Low Risk to Remove,20,287.5474493471583,244.41533194508455,431.32117402073743,0.0,0.5,0.1,129.39635220622125
270291,142.0,3.0,0.0,0.0211267605633802,0.0,0.0,99.64,64.02,35.620000000000005,0.0,0,142.0,0.0,35.620000000000005,0.0001,3.994839548022601,142.29618470056505,0.0071,0.252902,9.305742697319042,331.47055487850434,331.47055487850434,recovered_margin_C,üîÅ Cut Promo (C),üî¥ Low,‚úÖ Low Risk to Remove,60,331.47055487850434,281.7499716467287,497.2058323177565,0.0,0.5,0.1,149.16174969532696
288175,141.0,9.0,0.0,0.0638297872340425,0.0,0.0,86.51,44.85,41.66,0.0,0,141.0,0.0,41.66,0.0001,3.9667068751492014,165.25300841871578,0.00705,0.2937030000000001,9.240209298042148,384.9471193564359,384.9471193564359,recovered_margin_C,üîÅ Cut Promo (C),üî¥ Low,‚úÖ Low Risk to Remove,60,384.9471193564359,327.2050514529705,577.4206790346539,0.0,0.5,0.1,173.22620371039616
312094,141.0,1.0,0.0,0.0070921985815602,0.0,0.0,65.74,37.42,28.319999999999997,0.0,0,141.0,0.0,28.319999999999997,0.0001,3.9667068751492014,112.33713870422538,0.00705,0.199656,9.240209298042148,261.6827273205536,261.6827273205536,recovered_margin_C,‚ùå Kill SKU,üî¥ Low,‚úÖ Low Risk to Remove,20,261.6827273205536,222.43031822247056,392.52409098083047,0.0,0.5,0.1,117.75722729424913
404789,140.0,2.0,0.0,0.0142857142857142,0.0,0.0,68.05,39.01,29.04,0.0,0,140.0,0.0,29.04,0.0001,3.938574202275804,114.37619483408932,0.007,0.20328,9.174675898765251,266.43258810014294,266.43258810014294,recovered_margin_C,‚ùå Kill SKU,üî¥ Low,‚úÖ Low Risk to Remove,20,266.43258810014294,226.46769988512148,399.6488821502144,0.0,0.5,0.1,119.89466464506432
141846,140.0,2.0,0.0,0.0142857142857142,0.0,0.0,61.33,33.96,27.37,0.0,0,140.0,0.0,27.37,0.0001,3.938574202275804,107.79877591628872,0.007,0.19159,9.174675898765251,251.11087934920496,251.11087934920496,recovered_margin_C,‚ùå Kill SKU,üî¥ Low,‚úÖ Low Risk to Remove,20,251.11087934920496,213.44424744682422,376.66631902380743,0.0,0.5,0.1,112.99989570714223
168215,140.0,1.0,0.0,0.0071428571428571,0.0,0.0,65.76,35.32,30.440000000000005,0.0,0,140.0,0.0,30.440000000000005,0.0001,3.938574202275804,119.89019871727548,0.007,0.21308,9.174675898765251,279.27713435841434,279.27713435841434,recovered_margin_C,‚ùå Kill SKU,üî¥ Low,‚úÖ Low Risk to Remove,20,279.27713435841434,237.38556420465218,418.91570153762154,0.0,0.5,0.1,125.67471046128645
275406,139.0,1.0,0.0,0.0071942446043165,0.0,0.0,60.59,34.0,26.590000000000003,0.0,0,139.0,0.0,26.590000000000003,0.0001,3.910441529402405,103.97864026680996,0.00695,0.1848005,9.10914249948836,242.2120990613955,242.2120990613955,recovered_margin_C,‚ùå Kill SKU,üî¥ Low,‚úÖ Low Risk to Remove,20,242.2120990613955,205.88028420218617,363.3181485920932,0.0,0.5,0.1,108.99544457762798
151553,138.0,1.0,0.0,0.0072463768115942,0.0,0.0,85.7,45.43,40.27,0.0,0,138.0,0.0,40.27,0.0001,3.8823088565290074,156.3405776524231,0.0069,0.2778630000000001,9.043609100211464,364.1861384655157,364.1861384655157,recovered_margin_C,üîÅ Cut Promo (C),üî¥ Low,‚úÖ Low Risk to Remove,60,364.1861384655157,309.5582176956883,546.2792076982735,0.0,0.5,0.1,163.88376230948205
318785,138.0,5.0,0.0,0.036231884057971,0.0,0.0,92.2,52.39,39.81,0.0,0,138.0,0.0,39.81,0.0001,3.8823088565290074,154.55471557841977,0.0069,0.274689,9.043609100211464,360.0260782794184,360.0260782794184,recovered_margin_C,üîÅ Cut Promo (C),üî¥ Low,‚úÖ Low Risk to Remove,60,360.0260782794184,306.02216653750565,540.0391174191276,0.0,0.5,0.1,162.01173522573828
264706,137.0,1.0,0.0,0.0072992700729927,0.0,0.0,88.6,56.16,32.44,0.0,0,137.0,0.0,32.44,0.0001,3.854176183655608,125.0294753977879,0.00685,0.222214,8.97807570093457,291.2487757383174,291.2487757383174,recovered_margin_C,‚ùå Kill SKU,üî¥ Low,‚úÖ Low Risk to Remove,20,291.2487757383174,247.5614593775698,436.87316360747616,0.0,0.5,0.1,131.06194908224285
120164,136.0,3.0,0.0,0.0220588235294117,0.0,0.0,91.21,64.03,27.179999999999996,0.0,0,136.0,0.0,27.179999999999996,0.0001,3.826043510782209,103.9918626230604,0.0068,0.184824,8.912542301657675,242.24289975905555,242.24289975905555,recovered_margin_C,‚ùå Kill SKU,üî¥ Low,‚úÖ Low Risk to Remove,20,242.24289975905555,205.90646479519722,363.36434963858335,0.0,0.5,0.1,109.009304891575
118382,135.0,3.0,0.0,0.0222222222222222,0.0,0.0,92.01,65.2,26.81,0.0,0,135.0,0.0,26.81,0.0001,3.7979108379088102,101.82198956433524,0.00675,0.1809675,8.84700890238078,237.18830867282875,237.18830867282875,recovered_margin_C,‚ùå Kill SKU,üî¥ Low,‚úÖ Low Risk to Remove,20,237.18830867282875,201.61006237190443,355.78246300924314,0.0,0.5,0.1,106.73473890277295
230432,135.0,3.0,0.0,0.0222222222222222,0.0,0.0,96.89,63.98,32.910000000000004,0.0,0,135.0,0.0,32.910000000000004,0.0001,3.7979108379088102,124.98924567557896,0.00675,0.2221425,8.84700890238078,291.1550629773515,291.1550629773515,recovered_margin_C,‚ùå Kill SKU,üî¥ Low,‚úÖ Low Risk to Remove,20,291.1550629773515,247.48180353074878,436.7325944660273,0.0,0.5,0.1,131.0197783398082
406376,135.0,3.0,0.0,0.0222222222222222,0.0,0.0,86.69,54.17,32.52,0.0,0,135.0,0.0,32.52,0.0001,3.7979108379088102,123.50806044879452,0.00675,0.21951,8.84700890238078,287.70472950542296,287.70472950542296,recovered_margin_C,‚ùå Kill SKU,üî¥ Low,‚úÖ Low Risk to Remove,20,287.70472950542296,244.5490200796095,431.55709425813444,0.0,0.5,0.1,129.46712827744034
97006,134.0,4.0,0.0,0.0298507462686567,0.0,0.0,97.31,55.79,41.52,0.0,0,134.0,0.0,41.52,0.0001,3.769778165035412,156.52118941227033,0.0067,0.278184,8.781475503103886,364.60686288887337,364.60686288887337,recovered_margin_C,üîÅ Cut Promo (C),üî¥ Low,‚úÖ Low Risk to Remove,60,364.60686288887337,309.9158334555423,546.91029433331,0.0,0.5,0.1,164.07308829999303
258609,134.0,1.0,0.0,0.0074626865671641,0.0,0.0,90.43,59.76,30.67000000000001,0.0,0,134.0,0.0,30.67000000000001,0.0001,3.769778165035412,115.61909632163612,0.0067,0.2054890000000001,8.781475503103886,269.32785368019626,269.32785368019626,recovered_margin_C,‚ùå Kill SKU,üî¥ Low,‚úÖ Low Risk to Remove,20,269.32785368019626,228.92867562816681,403.99178052029436,0.0,0.5,0.1,121.19753415608832
238995,133.0,1.0,0.0,0.0075187969924812,0.0,0.0,89.08,46.03,43.05,0.0,0,133.0,0.0,43.05,0.0001,3.7416454921620135,161.07783843757466,0.00665,0.2862825,8.71594210382699,375.2213075697519,375.2213075697519,recovered_margin_C,üîÅ Cut Promo (C),üî¥ Low,‚úÖ Low Risk to Remove,60,375.2213075697519,318.9381114342891,562.8319613546279,0.0,0.5,0.1,168.84958840638836
377810,133.0,3.0,0.0,0.0225563909774436,0.0,0.0,80.94,52.51,28.43,0.0,0,133.0,0.0,28.43,0.0001,3.7416454921620135,106.37498134216604,0.00665,0.1890595,8.71594210382699,247.7942340118013,247.7942340118013,recovered_margin_C,‚ùå Kill SKU,üî¥ Low,‚úÖ Low Risk to Remove,20,247.7942340118013,210.6250989100311,371.69135101770195,0.0,0.5,0.1,111.50740530531058
207379,132.0,3.0,0.0,0.0227272727272727,0.0,0.0,88.32,62.42,25.89999999999999,0.0,0,132.0,0.0,25.89999999999999,0.0001,3.713512819288615,96.17998201957508,0.0066,0.1709399999999999,8.650408704550095,224.0455854478474,224.0455854478474,recovered_margin_C,‚ùå Kill SKU,üî¥ Low,‚úÖ Low Risk to Remove,20,224.0455854478474,190.4387476306703,336.0683781717711,0.0,0.5,0.1,100.82051345153133
389849,130.0,1.0,0.0,0.0076923076923076,0.0,0.0,76.57,43.5,33.06999999999999,0.0,0,130.0,0.0,33.06999999999999,0.0001,3.6572474735418177,120.94517395002788,0.0065,0.214955,8.519341905996306,281.7346368312978,281.7346368312978,recovered_margin_C,‚ùå Kill SKU,üî¥ Low,‚úÖ Low Risk to Remove,20,281.7346368312978,239.47444130660313,422.60195524694666,0.0,0.5,0.1,126.78058657408401
147176,130.0,6.0,0.0,0.0461538461538461,0.0,0.0,94.34,60.73,33.61000000000001,0.0,0,130.0,0.0,33.61000000000001,0.0001,3.6572474735418177,122.92008758574052,0.0065,0.2184650000000001,8.519341905996306,286.3350814605359,286.3350814605359,recovered_margin_C,‚ùå Kill SKU,üî¥ Low,‚úÖ Low Risk to Remove,20,286.3350814605359,243.3848192414555,429.50262219080383,0.0,0.5,0.1,128.85078665724114
189635,130.0,1.0,0.0,0.0076923076923076,0.0,0.0,68.28,38.95,29.33,0.0,0,130.0,0.0,29.33,0.0001,3.6572474735418177,107.26706839898152,0.0065,0.190645,8.519341905996306,249.87229810287164,249.87229810287164,recovered_margin_C,‚ùå Kill SKU,üî¥ Low,‚úÖ Low Risk to Remove,20,249.87229810287164,212.3914533874409,374.8084471543075,0.0,0.5,0.1,112.44253414629225
44054,129.0,1.0,0.0,0.0077519379844961,0.0,0.0,84.32,57.16,27.16,0.0,0,129.0,0.0,27.16,0.0001,3.629114800668419,98.56675798615424,0.00645,0.175182,8.453808506719412,229.6054390424992,229.6054390424992,recovered_margin_C,‚ùå Kill SKU,üî¥ Low,‚úÖ Low Risk to Remove,20,229.6054390424992,195.16462318612432,344.40815856374877,0.0,0.5,0.1,103.32244756912465
212156,129.0,3.0,0.0,0.0232558139534883,0.0,0.0,91.35,61.5,29.849999999999994,0.0,0,129.0,0.0,29.849999999999994,0.0001,3.629114800668419,108.32907679995228,0.00645,0.1925325,8.453808506719412,252.3461839255744,252.3461839255744,recovered_margin_C,‚ùå Kill SKU,üî¥ Low,‚úÖ Low Risk to Remove,20,252.3461839255744,214.49425633673823,378.51927588836156,0.0,0.5,0.1,113.55578276650849
396186,128.0,5.0,0.0,0.0390625,0.0,0.0,74.96,46.25,28.709999999999997,0.0,0,128.0,0.0,28.709999999999997,0.0001,3.6009821277950205,103.38419688899502,0.0064,0.183744,8.388275107442517,240.82737833467465,240.82737833467465,recovered_margin_C,‚ùå Kill SKU,üî¥ Low,‚úÖ Low Risk to Remove,20,240.82737833467465,204.70327158447344,361.24106750201196,0.0,0.5,0.1,108.3723202506036
269766,128.0,1.0,0.0,0.0078125,0.0,0.0,76.2,43.0,33.2,0.0,0,128.0,0.0,33.2,0.0001,3.6009821277950205,119.55260664279469,0.0064,0.21248,8.388275107442517,278.4907335670916,278.4907335670916,recovered_margin_C,‚ùå Kill SKU,üî¥ Low,‚úÖ Low Risk to Remove,20,278.4907335670916,236.71712353202784,417.73610035063734,0.0,0.5,0.1,125.32083010519122
230785,128.0,1.0,0.0,0.0078125,0.0,0.0,82.55,51.56,30.989999999999995,0.0,0,128.0,0.0,30.989999999999995,0.0001,3.6009821277950205,111.59443614036766,0.0064,0.198336,8.388275107442517,259.9526455796436,259.9526455796436,recovered_margin_C,‚ùå Kill SKU,üî¥ Low,‚úÖ Low Risk to Remove,20,259.9526455796436,220.95974874269706,389.92896836946545,0.0,0.5,0.1,116.97869051083963
370456,127.0,1.0,0.0,0.0078740157480314,0.0,0.0,77.06,45.87,31.190000000000005,0.0,0,127.0,0.0,31.190000000000005,0.0001,3.572849454921622,111.4371744990054,0.00635,0.1980565,8.322741708165623,259.5863138776858,259.5863138776858,recovered_margin_C,‚ùå Kill SKU,üî¥ Low,‚úÖ Low Risk to Remove,20,259.5863138776858,220.64836679603295,389.37947081652874,0.0,0.5,0.1,116.81384124495862
99172,126.0,1.0,0.0,0.0079365079365079,0.0,0.0,82.43,53.06,29.370000000000005,0.0,0,126.0,0.0,29.370000000000005,0.0001,3.5447167820482237,104.10833188875634,0.0063,0.185031,8.257208308888728,242.514208032062,242.514208032062,recovered_margin_C,‚ùå Kill SKU,üî¥ Low,‚úÖ Low Risk to Remove,20,242.514208032062,206.13707682725268,363.77131204809297,0.0,0.5,0.1,109.13139361442789
353628,125.0,9.0,0.0,0.072,0.0,0.0,97.02,63.51,33.51,0.0,0,125.0,0.0,33.51,0.0001,3.5165841091748247,117.84073349844836,0.00625,0.2094375,8.191674909611834,274.5030262210925,274.5030262210925,recovered_margin_C,‚ùå Kill SKU,üî¥ Low,‚úÖ Low Risk to Remove,20,274.5030262210925,233.32757228792863,411.75453933163874,0.0,0.5,0.1,123.52636179949164
120728,125.0,1.0,0.0,0.008,0.0,0.0,73.93,40.37,33.56000000000001,0.0,0,125.0,0.0,33.56000000000001,0.0001,3.5165841091748247,118.01656270390716,0.00625,0.2097500000000001,8.191674909611834,274.9126099665732,274.9126099665732,recovered_margin_C,‚ùå Kill SKU,üî¥ Low,‚úÖ Low Risk to Remove,20,274.9126099665732,233.6757184715872,412.3689149498598,0.0,0.5,0.1,123.71067448495795
105869,125.0,2.0,0.0,0.016,0.0,0.0,96.63,66.7,29.929999999999996,0.0,0,125.0,0.0,29.929999999999996,0.0001,3.5165841091748247,105.25136238760248,0.00625,0.1870625,8.191674909611834,245.1768300446821,245.1768300446821,recovered_margin_C,‚ùå Kill SKU,üî¥ Low,‚úÖ Low Risk to Remove,20,245.1768300446821,208.4003055379798,367.76524506702316,0.0,0.5,0.1,110.32957352010695
329133,124.0,3.0,0.0,0.0241935483870967,0.0,0.0,92.63,65.64,26.989999999999995,0.0,0,124.0,0.0,26.989999999999995,0.0001,3.488451436301426,94.15330426577547,0.0062,0.167338,8.12614151033494,219.32455936394,219.32455936394,recovered_margin_C,‚ùå Kill SKU,üî¥ Low,‚úÖ Low Risk to Remove,20,219.32455936394,186.42587545934902,328.98683904591,0.0,0.5,0.1,98.696051713773
237030,124.0,4.0,0.0,0.032258064516129,0.0,0.0,61.72,32.8,28.92,0.0,0,124.0,0.0,28.92,0.0001,3.488451436301426,100.88601553783724,0.0062,0.179304,8.12614151033494,235.00801247888649,235.00801247888649,recovered_margin_C,‚ùå Kill SKU,üî¥ Low,‚úÖ Low Risk to Remove,20,235.00801247888649,199.7568106070535,352.5120187183297,0.0,0.5,0.1,105.75360561549893
260384,123.0,3.0,0.0,0.024390243902439,0.0,0.0,81.73,47.68,34.050000000000004,0.0,0,123.0,0.0,34.050000000000004,0.0001,3.4603187634280275,117.82385389472437,0.00615,0.2094075,8.060608111058045,274.46370618152645,274.46370618152645,recovered_margin_C,‚ùå Kill SKU,üî¥ Low,‚úÖ Low Risk to Remove,20,274.46370618152645,233.29415025429748,411.69555927228964,0.0,0.5,0.1,123.50866778168691
255860,122.0,2.0,0.0,0.0163934426229508,0.0,0.0,72.53,40.45,32.08,0.0,0,122.0,0.0,32.08,0.0001,3.432186090554629,110.1045297849925,0.0061,0.195688,7.995074711781149,256.48199675393926,256.48199675393926,recovered_margin_C,‚ùå Kill SKU,üî¥ Low,‚úÖ Low Risk to Remove,20,256.48199675393926,218.00969724084837,384.7229951309089,0.0,0.5,0.1,115.41689853927267
292750,122.0,1.0,0.0,0.0081967213114754,0.0,0.0,95.72,63.52,32.2,0.0,0,122.0,0.0,32.2,0.0001,3.432186090554629,110.51639211585903,0.0061,0.19642,7.995074711781149,257.441405719353,257.441405719353,recovered_margin_C,‚ùå Kill SKU,üî¥ Low,‚úÖ Low Risk to Remove,20,257.441405719353,218.82519486145003,386.16210857902945,0.0,0.5,0.1,115.84863257370884
346268,121.0,2.0,0.0,0.0165289256198347,0.0,0.0,58.11,31.05,27.06,0.0,0,121.0,0.0,27.06,0.0001,3.4040534176812303,92.11368548245407,0.00605,0.163713,7.929541312504255,214.57338791636516,214.57338791636516,recovered_margin_C,‚ùå Kill SKU,üî¥ Low,‚úÖ Low Risk to Remove,20,214.57338791636516,182.3873797289104,321.86008187454775,0.0,0.5,0.1,96.55802456236432
75839,121.0,6.0,0.0,0.0495867768595041,0.0,0.0,95.26,58.76,36.50000000000001,0.0,0,121.0,0.0,36.50000000000001,0.0001,3.4040534176812303,124.24794974536492,0.00605,0.220825,7.929541312504255,289.4282579064053,289.4282579064053,recovered_margin_C,‚ùå Kill SKU,üî¥ Low,‚úÖ Low Risk to Remove,20,289.4282579064053,246.01401922044448,434.14238685960794,0.0,0.5,0.1,130.24271605788238
409466,120.0,2.0,0.0,0.0166666666666666,0.0,0.0,84.54,44.39,40.150000000000006,0.0,0,120.0,0.0,40.150000000000006,0.0001,3.375920744807832,135.54321790403446,0.006,0.2409000000000001,7.864007913227359,315.73991771607854,315.73991771607854,recovered_margin_C,üîÅ Cut Promo (C),üî¥ Low,‚úÖ Low Risk to Remove,60,315.73991771607854,268.37893005866675,473.60987657411783,0.0,0.5,0.1,142.08296297223535
36623,120.0,1.0,0.0,0.0083333333333333,0.0,0.0,98.79,57.23,41.56000000000001,0.0,0,120.0,0.0,41.56000000000001,0.0001,3.375920744807832,140.3032661542135,0.006,0.2493600000000001,7.864007913227359,326.8281688737291,326.8281688737291,recovered_margin_C,üîÅ Cut Promo (C),üî¥ Low,‚úÖ Low Risk to Remove,60,326.8281688737291,277.80394354266974,490.2422533105937,0.0,0.5,0.1,147.0726759931781
33719,120.0,2.0,0.0,0.0166666666666666,0.0,0.0,77.15,49.19,27.960000000000008,0.0,0,120.0,0.0,27.960000000000008,0.0001,3.375920744807832,94.390744024827,0.006,0.16776,7.864007913227359,219.87766125383703,219.87766125383703,recovered_margin_C,‚ùå Kill SKU,üî¥ Low,‚úÖ Low Risk to Remove,20,219.87766125383703,186.89601206576148,329.81649188075556,0.0,0.5,0.1,98.94494756422667
327150,120.0,1.0,0.0,0.0083333333333333,0.0,0.0,86.2,53.36,32.84,0.0,0,120.0,0.0,32.84,0.0001,3.375920744807832,110.8652372594892,0.006,0.19704,7.864007913227359,258.2540198703865,258.2540198703865,recovered_margin_C,‚ùå Kill SKU,üî¥ Low,‚úÖ Low Risk to Remove,20,258.2540198703865,219.51591688982853,387.3810298055798,0.0,0.5,0.1,116.21430894167393
70855,119.0,1.0,0.0,0.0084033613445378,0.0,0.0,76.09,42.03,34.06,0.0,0,119.0,0.0,34.06,0.0001,3.347788071934433,114.0256617300868,0.00595,0.202657,7.798474513950465,265.61604194515286,265.61604194515286,recovered_margin_C,‚ùå Kill SKU,üî¥ Low,‚úÖ Low Risk to Remove,20,265.61604194515286,225.77363565337993,398.4240629177293,0.0,0.5,0.1,119.5272188753188
226270,119.0,1.0,0.0,0.0084033613445378,0.0,0.0,87.12,56.42,30.700000000000003,0.0,0,119.0,0.0,30.700000000000003,0.0001,3.347788071934433,102.77709380838712,0.00595,0.182665,7.798474513950465,239.41316757827929,239.41316757827929,recovered_margin_C,‚ùå Kill SKU,üî¥ Low,‚úÖ Low Risk to Remove,20,239.41316757827929,203.5011924415374,359.1197513674189,0.0,0.5,0.1,107.73592541022568
221084,118.0,1.0,0.0,0.0084745762711864,0.0,0.0,95.56,48.45,47.11,0.0,0,118.0,0.0,47.11,0.0001,3.3196553990610345,156.38896584976533,0.0059,0.277949,7.73294111467357,364.2988559122719,364.2988559122719,recovered_margin_C,üîÅ Cut Promo (C),üî¥ Low,‚úÖ Low Risk to Remove,60,364.2988559122719,309.6540275254311,546.4482838684079,0.0,0.5,0.1,163.93448516052237
48072,117.0,2.0,0.0,0.017094017094017,0.0,0.0,97.65,59.02,38.63,0.0,0,117.0,0.0,38.63,0.0001,3.291522726187636,127.15152291262838,0.00585,0.2259855,7.667407715396676,296.1919600457736,296.1919600457736,recovered_margin_C,‚ùå Kill SKU,üî¥ Low,‚úÖ Low Risk to Remove,20,296.1919600457736,251.76316603890757,444.2879400686604,0.0,0.5,0.1,133.28638202059813
345171,117.0,4.0,0.0,0.0341880341880341,0.0,0.0,74.08,43.26,30.82,0.0,0,117.0,0.0,30.82,0.0001,3.291522726187636,101.44473042110292,0.00585,0.180297,7.667407715396676,236.3095057885256,236.3095057885256,recovered_margin_C,‚ùå Kill SKU,üî¥ Low,‚úÖ Low Risk to Remove,20,236.3095057885256,200.86307992024675,354.4642586827884,0.0,0.5,0.1,106.33927760483652
116578,116.0,1.0,0.0,0.0086206896551724,0.0,0.0,74.41,43.49,30.919999999999995,0.0,0,116.0,0.0,30.919999999999995,0.0001,3.2633900533142373,100.9040204484762,0.0058,0.179336,7.601874316119781,235.0499538544236,235.0499538544236,recovered_margin_C,‚ùå Kill SKU,üî¥ Low,‚úÖ Low Risk to Remove,20,235.0499538544236,199.79246077626004,352.5749307816354,0.0,0.5,0.1,105.77247923449062
324718,115.0,4.0,0.0,0.0347826086956521,0.0,0.0,68.54,39.19,29.35000000000001,0.0,0,115.0,0.0,29.35000000000001,0.0001,3.2352573804408387,94.95480411593864,0.00575,0.1687625,7.536340916842887,221.1916059093388,221.1916059093388,recovered_margin_C,‚ùå Kill SKU,üî¥ Low,‚úÖ Low Risk to Remove,20,221.1916059093388,188.01286502293797,331.78740886400817,0.0,0.5,0.1,99.53622265920245
65660,115.0,2.0,0.0,0.017391304347826,0.0,0.0,96.12,65.8,30.320000000000007,0.0,0,115.0,0.0,30.320000000000007,0.0001,3.2352573804408387,98.09300377496623,0.00575,0.17434,7.536340916842887,228.5018565986764,228.5018565986764,recovered_margin_C,‚ùå Kill SKU,üî¥ Low,‚úÖ Low Risk to Remove,20,228.5018565986764,194.22657810887495,342.7527848980146,0.0,0.5,0.1,102.82583546940438
145193,115.0,7.0,0.0,0.0608695652173913,0.0,0.0,85.84,57.65,28.190000000000005,0.0,0,115.0,0.0,28.190000000000005,0.0001,3.2352573804408387,91.20190555462726,0.00575,0.1620925,7.536340916842887,212.44945044580103,212.44945044580103,recovered_margin_C,‚ùå Kill SKU,üî¥ Low,‚úÖ Low Risk to Remove,20,212.44945044580103,180.58203287893087,318.67417566870154,0.0,0.5,0.1,95.60225270061046
181186,115.0,2.0,0.0,0.017391304347826,0.0,0.0,93.66,51.13,42.53,0.0,0,115.0,0.0,42.53,0.0001,3.2352573804408387,137.59549639014884,0.00575,0.2445475,7.536340916842887,320.52057919332793,320.52057919332793,recovered_margin_C,üîÅ Cut Promo (C),üî¥ Low,‚úÖ Low Risk to Remove,60,320.52057919332793,272.4424923143287,480.7808687899919,0.0,0.5,0.1,144.23426063699756
186820,115.0,2.0,0.0,0.017391304347826,0.0,0.0,82.99,54.06,28.929999999999996,0.0,0,115.0,0.0,28.929999999999996,0.0001,3.2352573804408387,93.59599601615344,0.00575,0.1663474999999999,7.536340916842887,218.02634272426465,218.02634272426465,recovered_margin_C,‚ùå Kill SKU,üî¥ Low,‚úÖ Low Risk to Remove,20,218.02634272426465,185.32239131562494,327.039514086397,0.0,0.5,0.1,98.11185422591909
24855,114.0,10.0,0.0,0.087719298245614,0.0,0.0,83.14,53.45,29.69,0.0,0,114.0,0.0,29.69,0.0001,3.20712470756744,95.21953256767728,0.0057,0.169233,7.470807517565992,221.80827519653428,221.80827519653428,recovered_margin_C,‚ùå Kill SKU,üî¥ Low,‚úÖ Low Risk to Remove,20,221.80827519653428,188.53703391705415,332.7124127948014,0.0,0.5,0.1,99.81372383844042
167653,114.0,1.0,0.0,0.0087719298245614,0.0,0.0,93.1,63.4,29.7,0.0,0,114.0,0.0,29.7,0.0001,3.20712470756744,95.25160381475295,0.0057,0.16929,7.470807517565992,221.88298327170992,221.88298327170992,recovered_margin_C,‚ùå Kill SKU,üî¥ Low,‚úÖ Low Risk to Remove,20,221.88298327170992,188.60053578095344,332.8244749075649,0.0,0.5,0.1,99.84734247226946
124366,114.0,2.0,0.0,0.0175438596491228,0.0,0.0,87.03,53.4,33.63,0.0,0,114.0,0.0,33.63,0.0001,3.20712470756744,107.85560391549302,0.0057,0.191691,7.470807517565992,251.2432568157443,251.2432568157443,recovered_margin_C,‚ùå Kill SKU,üî¥ Low,‚úÖ Low Risk to Remove,20,251.2432568157443,213.55676829338265,376.86488522361645,0.0,0.5,0.1,113.05946556708494
170267,113.0,6.0,0.0,0.0530973451327433,0.0,0.0,91.27,59.79,31.48,0.0,0,113.0,0.0,31.48,0.0001,3.178992034694041,100.07466925216842,0.00565,0.177862,7.405274118289097,233.11802924374075,233.11802924374075,recovered_margin_C,‚ùå Kill SKU,üî¥ Low,‚úÖ Low Risk to Remove,20,233.11802924374075,198.15032485717964,349.67704386561115,0.0,0.5,0.1,104.90311315968334
221236,113.0,2.0,0.0,0.0176991150442477,0.0,0.0,70.51,44.59,25.92,0.0,0,113.0,0.0,25.92,0.0001,3.178992034694041,82.39947353926956,0.00565,0.146448,7.405274118289097,191.94470514605345,191.94470514605345,recovered_margin_C,‚ùå Kill SKU,üî¥ Low,‚úÖ Low Risk to Remove,20,191.94470514605345,163.15299937414542,287.91705771908016,0.0,0.5,0.1,86.37511731572405
91873,112.0,8.0,0.0,0.0714285714285714,0.0,0.0,90.6,53.32,37.28,0.0,0,112.0,0.0,37.28,0.0001,3.150859361820643,117.46403700867354,0.0056,0.208768,7.339740719012203,273.62553400477486,273.62553400477486,recovered_margin_C,‚ùå Kill SKU,üî¥ Low,‚úÖ Low Risk to Remove,20,273.62553400477486,232.58170390405863,410.4383010071623,0.0,0.5,0.1,123.13149030214869
198664,112.0,1.0,0.0,0.0089285714285714,0.0,0.0,84.31,46.03,38.28,0.0,0,112.0,0.0,38.28,0.0001,3.150859361820643,120.6148963704942,0.0056,0.214368,7.339740719012203,280.9652747237871,280.9652747237871,recovered_margin_C,‚ùå Kill SKU,üî¥ Low,‚úÖ Low Risk to Remove,20,280.9652747237871,238.82048351521902,421.4479120856806,0.0,0.5,0.1,126.4343736257042
6586,111.0,1.0,0.0,0.009009009009009,0.0,0.0,73.69,43.69,30.0,0.0,0,111.0,0.0,30.0,0.0001,3.1227266889472443,93.68180066841732,0.00555,0.1665,7.274207319735308,218.22621959205924,218.22621959205924,recovered_margin_C,‚ùå Kill SKU,üî¥ Low,‚úÖ Low Risk to Remove,20,218.22621959205924,185.49228665325035,327.33932938808886,0.0,0.5,0.1,98.20179881642666
141241,111.0,6.0,0.0,0.054054054054054,0.0,0.0,92.66,60.74,31.919999999999995,0.0,0,111.0,0.0,31.919999999999995,0.0001,3.1227266889472443,99.677435911196,0.00555,0.177156,7.274207319735308,232.192697645951,232.192697645951,recovered_margin_C,‚ùå Kill SKU,üî¥ Low,‚úÖ Low Risk to Remove,20,232.192697645951,197.36379299905835,348.2890464689265,0.0,0.5,0.1,104.48671394067796
86238,111.0,3.0,0.0,0.027027027027027,0.0,0.0,70.59,37.25,33.34,0.0,0,111.0,0.0,33.34,0.0001,3.1227266889472443,104.11170780950114,0.00555,0.185037,7.274207319735308,242.5220720399752,242.5220720399752,recovered_margin_C,‚ùå Kill SKU,üî¥ Low,‚úÖ Low Risk to Remove,20,242.5220720399752,206.14376123397892,363.7831080599628,0.0,0.5,0.1,109.13493241798884
452605,110.0,1.0,0.0,0.009090909090909,0.0,0.0,67.62,37.62,30.000000000000007,0.0,0,110.0,0.0,30.000000000000007,0.0001,3.0945940160738457,92.8378204822154,0.0055,0.1650000000000001,7.208673920458414,216.26021761375245,216.26021761375245,recovered_margin_C,‚ùå Kill SKU,üî¥ Low,‚úÖ Low Risk to Remove,20,216.26021761375245,183.82118497168958,324.39032642062864,0.0,0.5,0.1,97.31709792618861
370360,110.0,2.0,0.0,0.0181818181818181,0.0,0.0,54.59,28.07,26.520000000000003,0.0,0,110.0,0.0,26.520000000000003,0.0001,3.0945940160738457,82.0686333062784,0.0055,0.14586,7.208673920458414,191.17403237055717,191.17403237055717,recovered_margin_C,‚ùå Kill SKU,üî¥ Low,‚úÖ Low Risk to Remove,20,191.17403237055717,162.49792751497358,286.76104855583577,0.0,0.5,0.1,86.02831456675072
278308,110.0,1.0,0.0,0.009090909090909,0.0,0.0,73.35,44.46,28.889999999999997,0.0,0,110.0,0.0,28.889999999999997,0.0001,3.0945940160738457,89.40282112437338,0.0055,0.158895,7.208673920458414,208.2585895620435,208.2585895620435,recovered_margin_C,‚ùå Kill SKU,üî¥ Low,‚úÖ Low Risk to Remove,20,208.2585895620435,177.01980112773697,312.38788434306525,0.0,0.5,0.1,93.71636530291958
356048,109.0,2.0,0.0,0.018348623853211,0.0,0.0,81.15,54.47,26.680000000000007,0.0,0,109.0,0.0,26.680000000000007,0.0001,3.066461343200447,81.81318863658795,0.00545,0.145406,7.143140521181518,190.57898910512296,190.57898910512296,recovered_margin_C,‚ùå Kill SKU,üî¥ Low,‚úÖ Low Risk to Remove,20,190.57898910512296,161.9921407393545,285.86848365768446,0.0,0.5,0.1,85.76054509730534
408963,109.0,10.0,0.0,0.091743119266055,0.0,0.0,86.97,57.82,29.15,0.0,0,109.0,0.0,29.15,0.0001,3.066461343200447,89.38734815429302,0.00545,0.1588675,7.143140521181518,208.22254619244129,208.22254619244129,recovered_margin_C,‚ùå Kill SKU,üî¥ Low,‚úÖ Low Risk to Remove,20,208.22254619244129,176.98916426357508,312.3338192886619,0.0,0.5,0.1,93.70014578659858
146448,109.0,2.0,0.0,0.018348623853211,0.0,0.0,69.97,43.05,26.92,0.0,0,109.0,0.0,26.92,0.0001,3.066461343200447,82.54913935895604,0.00545,0.146714,7.143140521181518,192.29334283020648,192.29334283020648,recovered_margin_C,‚ùå Kill SKU,üî¥ Low,‚úÖ Low Risk to Remove,20,192.29334283020648,163.4493414056755,288.4400142453097,0.0,0.5,0.1,86.53200427359292
445394,109.0,3.0,0.0,0.0275229357798165,0.0,0.0,99.25,55.48,43.77,0.0,0,109.0,0.0,43.77,0.0001,3.066461343200447,134.21901299188357,0.00545,0.2385465,7.143140521181518,312.65526061211506,312.65526061211506,recovered_margin_C,üîÅ Cut Promo (C),üî¥ Low,‚úÖ Low Risk to Remove,60,312.65526061211506,265.7569715202978,468.9828909181726,0.0,0.5,0.1,140.69486727545177
120181,109.0,1.0,0.0,0.0091743119266055,0.0,0.0,74.2,39.15,35.050000000000004,0.0,0,109.0,0.0,35.050000000000004,0.0001,3.066461343200447,107.47947007917568,0.00545,0.1910225,7.143140521181518,250.36707526741225,250.36707526741225,recovered_margin_C,‚ùå Kill SKU,üî¥ Low,‚úÖ Low Risk to Remove,20,250.36707526741225,212.8120139773004,375.55061290111837,0.0,0.5,0.1,112.66518387033551
207197,109.0,2.0,0.0,0.018348623853211,0.0,0.0,75.27,48.99,26.279999999999998,0.0,0,109.0,0.0,26.279999999999998,0.0001,3.066461343200447,80.58660409930773,0.00545,0.143226,7.143140521181518,187.72173289665025,187.72173289665025,recovered_margin_C,‚ùå Kill SKU,üî¥ Low,‚úÖ Low Risk to Remove,20,187.72173289665025,159.5634729621527,281.5825993449754,0.0,0.5,0.1,84.47477980349261
218894,109.0,7.0,0.0,0.0642201834862385,0.0,0.0,75.77,42.52,33.24999999999999,0.0,0,109.0,0.0,33.24999999999999,0.0001,3.066461343200447,101.95983966141485,0.00545,0.1812125,7.143140521181518,237.50942232928543,237.50942232928543,recovered_margin_C,‚ùå Kill SKU,üî¥ Low,‚úÖ Low Risk to Remove,20,237.50942232928543,201.88300897989262,356.26413349392817,0.0,0.5,0.1,106.87924004817845
9025,108.0,6.0,0.0,0.0555555555555555,0.0,0.0,96.87,56.91,39.96000000000001,0.0,0,108.0,0.0,39.96000000000001,0.0001,3.0383286703270485,121.41161366626888,0.0054,0.2157840000000001,7.077607121904624,282.8211805913088,282.8211805913088,recovered_margin_C,‚ùå Kill SKU,üî¥ Low,‚úÖ Low Risk to Remove,20,282.8211805913088,240.39800350261248,424.2317708869632,0.0,0.5,0.1,127.26953126608896
41427,108.0,3.0,0.0,0.0277777777777777,0.0,0.0,90.89,51.69,39.2,0.0,0,108.0,0.0,39.2,0.0001,3.0383286703270485,119.1024838768203,0.0054,0.21168,7.077607121904624,277.44219917866127,277.44219917866127,recovered_margin_C,‚ùå Kill SKU,üî¥ Low,‚úÖ Low Risk to Remove,20,277.44219917866127,235.82586930186207,416.16329876799193,0.0,0.5,0.1,124.84898963039757
306886,108.0,3.0,0.0,0.0277777777777777,0.0,0.0,84.21,55.93,28.279999999999998,0.0,0,108.0,0.0,28.279999999999998,0.0001,3.0383286703270485,85.92393479684891,0.0054,0.152712,7.077607121904624,200.15472940746272,200.15472940746272,recovered_margin_C,‚ùå Kill SKU,üî¥ Low,‚úÖ Low Risk to Remove,20,200.15472940746272,170.13151999634331,300.2320941111941,0.0,0.5,0.1,90.06962823335823
454946,108.0,2.0,0.0,0.0185185185185185,0.0,0.0,99.78,62.73,37.05,0.0,0,108.0,0.0,37.05,0.0001,3.0383286703270485,112.57007723561716,0.0054,0.20007,7.077607121904624,262.22534386656633,262.22534386656633,recovered_margin_C,‚ùå Kill SKU,üî¥ Low,‚úÖ Low Risk to Remove,20,262.22534386656633,222.89154228658137,393.3380157998495,0.0,0.5,0.1,118.00140473995485
60918,108.0,1.0,0.0,0.0092592592592592,0.0,0.0,97.87,71.74,26.13000000000001,0.0,0,108.0,0.0,26.13000000000001,0.0001,3.0383286703270485,79.3915281556458,0.0054,0.1411020000000001,7.077607121904624,184.93787409536787,184.93787409536787,recovered_margin_C,‚ùå Kill SKU,üî¥ Low,‚úÖ Low Risk to Remove,20,184.93787409536787,157.1971929810627,277.4068111430518,0.0,0.5,0.1,83.22204334291554
403445,107.0,3.0,0.0,0.02803738317757,0.0,0.0,97.42,63.62,33.800000000000004,0.0,0,107.0,0.0,33.800000000000004,0.0001,3.01019599745365,101.74462471393338,0.00535,0.18083,7.012073722627729,237.00809182481728,237.00809182481728,recovered_margin_C,‚ùå Kill SKU,üî¥ Low,‚úÖ Low Risk to Remove,20,237.00809182481728,201.4568780510947,355.51213773722594,0.0,0.5,0.1,106.65364132116778
450336,107.0,1.0,0.0,0.0093457943925233,0.0,0.0,99.16,52.1,47.06,0.0,0,107.0,0.0,47.06,0.0001,3.01019599745365,141.65982364016875,0.00535,0.251771,7.012073722627729,329.9881893868609,329.9881893868609,recovered_margin_C,üîÅ Cut Promo (C),üî¥ Low,‚úÖ Low Risk to Remove,60,329.9881893868609,280.48996097883173,494.9822840802913,0.0,0.5,0.1,148.4946852240874
159235,106.0,2.0,0.0,0.0188679245283018,0.0,0.0,87.06,60.5,26.56,0.0,0,106.0,0.0,26.56,0.0001,2.9820633245802517,79.20360190085148,0.0053,0.140768,6.946540323350835,184.50011098819817,184.50011098819817,recovered_margin_C,‚ùå Kill SKU,üî¥ Low,‚úÖ Low Risk to Remove,20,184.50011098819817,156.82509433996844,276.75016648229723,0.0,0.5,0.1,83.02504994468919
171771,106.0,3.0,0.0,0.0283018867924528,0.0,0.0,87.61,49.69,37.92,0.0,0,106.0,0.0,37.92,0.0001,2.9820633245802517,113.07984126808311,0.0053,0.200976,6.946540323350835,263.4128090614637,263.4128090614637,recovered_margin_C,‚ùå Kill SKU,üî¥ Low,‚úÖ Low Risk to Remove,20,263.4128090614637,223.90088770224412,395.11921359219554,0.0,0.5,0.1,118.53576407765867
287038,105.0,1.0,0.0,0.0095238095238095,0.0,0.0,80.85,41.98,38.87,0.0,0,105.0,0.0,38.87,0.0001,2.9539306517068527,114.81928443184536,0.00525,0.2040675,6.88100692407394,267.46473913875406,267.46473913875406,recovered_margin_C,‚ùå Kill SKU,üî¥ Low,‚úÖ Low Risk to Remove,20,267.46473913875406,227.34502826794093,401.19710870813105,0.0,0.5,0.1,120.35913261243932
87413,105.0,2.0,0.0,0.019047619047619,0.0,0.0,86.2,48.19,38.010000000000005,0.0,0,105.0,0.0,38.010000000000005,0.0001,2.9539306517068527,112.27890407137748,0.00525,0.1995525,6.88100692407394,261.5470731840505,261.5470731840505,recovered_margin_C,‚ùå Kill SKU,üî¥ Low,‚úÖ Low Risk to Remove,20,261.5470731840505,222.3150122064429,392.3206097760757,0.0,0.5,0.1,117.69618293282272
401850,104.0,10.0,0.0,0.0961538461538461,0.0,0.0,97.07,59.6,37.46999999999999,0.0,0,104.0,0.0,37.46999999999999,0.0001,2.925797978833454,109.6296502668895,0.0052,0.194844,6.815473524797046,255.37579297414524,255.37579297414524,recovered_margin_C,‚ùå Kill SKU,üî¥ Low,‚úÖ Low Risk to Remove,20,255.37579297414524,217.06942402802346,383.06368946121785,0.0,0.5,0.1,114.91910683836537
123688,104.0,3.0,0.0,0.0288461538461538,0.0,0.0,69.82,42.89,26.929999999999996,0.0,0,104.0,0.0,26.929999999999996,0.0001,2.925797978833454,78.7917395699849,0.0052,0.1400359999999999,6.815473524797046,183.5407020227844,183.5407020227844,recovered_margin_C,‚ùå Kill SKU,üî¥ Low,‚úÖ Low Risk to Remove,20,183.5407020227844,156.00959671936673,275.31105303417655,0.0,0.5,0.1,82.59331591025298
249888,104.0,1.0,0.0,0.0096153846153846,0.0,0.0,99.21,71.25,27.959999999999997,0.0,0,104.0,0.0,27.959999999999997,0.0001,2.925797978833454,81.80531148818336,0.0052,0.145392,6.815473524797046,190.56063975332532,190.56063975332532,recovered_margin_C,‚ùå Kill SKU,üî¥ Low,‚úÖ Low Risk to Remove,20,190.56063975332532,161.97654379032653,285.840959629988,0.0,0.5,0.1,85.75228788899639
194151,103.0,1.0,0.0,0.0097087378640776,0.0,0.0,78.79,41.98,36.81000000000001,0.0,0,103.0,0.0,36.81000000000001,0.0001,2.8976653059600554,106.66305991238968,0.00515,0.1895715000000001,6.74994012552015,248.4652960203968,248.4652960203968,recovered_margin_C,‚ùå Kill SKU,üî¥ Low,‚úÖ Low Risk to Remove,20,248.4652960203968,211.19550161733727,372.6979440305952,0.0,0.5,0.1,111.80938320917856
147014,103.0,3.0,0.0,0.029126213592233,0.0,0.0,98.45,57.39,41.06,0.0,0,103.0,0.0,41.06,0.0001,2.8976653059600554,118.97813746271989,0.00515,0.211459,6.74994012552015,277.15254155385736,277.15254155385736,recovered_margin_C,‚ùå Kill SKU,üî¥ Low,‚úÖ Low Risk to Remove,20,277.15254155385736,235.57966032077874,415.728812330786,0.0,0.5,0.1,124.71864369923581
407343,101.0,3.0,0.0,0.0297029702970297,0.0,0.0,94.74,55.89,38.85,0.0,0,101.0,0.0,38.85,0.0001,2.8413999602132582,110.38838845428506,0.00505,0.1961925,6.618873326966361,257.1432287526431,257.1432287526431,recovered_margin_C,‚ùå Kill SKU,üî¥ Low,‚úÖ Low Risk to Remove,20,257.1432287526431,218.57174443974662,385.7148431289646,0.0,0.5,0.1,115.71445293868939
397919,101.0,4.0,0.0,0.0396039603960396,0.0,0.0,70.83,40.95,29.879999999999995,0.0,0,101.0,0.0,29.879999999999995,0.0001,2.8413999602132582,84.90103081117215,0.00505,0.150894,6.618873326966361,197.77193500975488,197.77193500975488,recovered_margin_C,‚ùå Kill SKU,üî¥ Low,‚úÖ Low Risk to Remove,20,197.77193500975488,168.10614475829163,296.6579025146323,0.0,0.5,0.1,88.9973707543897
67729,101.0,1.0,0.0,0.0099009900990099,0.0,0.0,87.54,54.06,33.480000000000004,0.0,0,101.0,0.0,33.480000000000004,0.0001,2.8413999602132582,95.1300706679399,0.00505,0.169074,6.618873326966361,221.5998789868338,221.5998789868338,recovered_margin_C,‚ùå Kill SKU,üî¥ Low,‚úÖ Low Risk to Remove,20,221.5998789868338,188.35989713880872,332.3998184802507,0.0,0.5,0.1,99.71994554407522
